0.0,45.0,0.0
0.005,44.99776292037112,-0.8948318516647171
0.01,44.99105412326016,-1.7886869951001032
0.015,44.97987866917093,-2.68149465272465
0.02,44.96424197221332,-3.573184165075693
0.025,44.944149799534955,-4.463684981865849
0.03,44.919608270797404,-5.352926653129932
0.035,44.89062385769621,-6.240838820474166
0.04,44.857203383524585,-7.127351208439429
0.045,44.819354022779784,-8.012393615990145
0.05,44.77708330081184,-8.895895908140316
0.055,44.73039909351365,-9.777788007728104
0.06,44.679309627051865,-10.657999887350206
0.065,44.62382347763767,-11.536461561467254
0.07,44.56394957133651,-12.413103078691131
0.075,44.49969718391594,-13.287854514265256
0.08,44.43107594073055,-14.160645962748458
0.085,44.3580958166429,-15.031407530913174
0.09,44.280767135979445,-15.900069330868396
0.095,44.19910057252018,-16.766561473417678
0.1,44.11310714952092,-17.6308140616625
0.105,44.02279823976693,-18.492757184860867
0.11,43.928185565656534,-19.352320912551072
0.115,43.82928119931342,-20.209435288950434
0.12,43.726097562726345,-21.06403032763831
0.125,43.61864742791449,-21.916036006532977
0.13,43.50694391711732,-22.765382263171315
0.135,43.391000503007206,-23.61199899030055
0.14,43.270831008923246,-24.455816031790565
0.145,43.146449609124765,-25.29676317887561
0.15,43.0178708290627,-26.134770166733656
0.155,42.88510954566725,-26.969766671411563
0.16,42.74818098764995,-27.801682307104183
0.165,42.60710073581854,-28.630446623794956
0.17,42.46188472340259,-29.45598910526557
0.17500000000000002,42.312549236388236,-30.278239167482056
0.18,42.15911091385995,-31.097126157364148
0.185,42.00158674834744,-31.912579351944864
0.19,41.83999408617597,-32.72452795792677
0.195,41.67435062781756,-33.532901111641195
0.2,41.50467442824166,-34.33762787941633
0.20500000000000002,41.33098389726273,-35.13863725836004
0.21,41.15329779988305,-35.93585817756268
0.215,40.97163525662823,-36.72921949972515
0.22,40.78601574387367,-37.51865002321698
0.225,40.59645909415956,-38.30407848456901
0.23,40.40298549649234,-39.08543356140471
0.23500000000000001,40.205615496630415,-39.86264387581434
0.24,40.004369997351795,-40.63563799817518
0.245,39.79927025870164,-41.404344451421224
0.25,39.590337898217214,-42.168691715765206
0.255,39.37759489112812,-42.928608233875444
0.26,39.161063570529556,-43.6840224165096
0.265,38.94076662752618,-44.434862648607286
0.27,38.71672711134441,-45.181057295842784
0.275,38.488968429410775,-45.922534711639045
0.28,38.257514347394064,-46.65922324464353
0.28500000000000003,38.02238898920897,-47.39105124666615
0.29,37.7836168369788,-48.11794708107916
0.295,37.54122273095512,-48.839839131678445
0.3,37.295231869391905,-49.55665581200525
0.305,37.04566980837193,-50.268325575126916
0.31,36.792562461583145,-50.97477692387469
0.315,36.53593610004268,-51.67593842153668
0.32,36.27581735176634,-52.37173870300278
0.325,36.012233201381136,-53.06210648635887
0.33,35.74521098967884,-53.746970584926416
0.335,35.47477841310817,-54.42625991974355
0.34,35.20096352320355,-55.09990353248302
0.34500000000000003,34.92379472594815,-55.76783059880232
0.35000000000000003,34.64330078106914,-56.429970442120165
0.355,34.35951080126298,-57.08625254781391
0.36,34.072454251348745,-57.73660657783105
0.365,33.78216094734735,-58.38096238570848
0.37,33.4886610554847,-59.01925003199191
0.375,33.19198509111672,-59.65139980004768
0.38,32.89216391757444,-60.27734221225916
0.385,32.58922874492716,-60.897008046598195
0.39,32.28321112866177,-61.510328353563565
0.395,31.974142968276578,-62.11723447347575
0.4,31.66205650578779,-62.71765805411863
0.405,31.346984324146927,-63.3115310687174
0.41000000000000003,31.02895934556756,-63.898785834241515
0.41500000000000004,30.708014829759772,-64.47935503002114
0.42,30.384184372070738,-65.05317171666594
0.425,30.0575019015301,-65.62016935527271
0.43,29.72800167879849,-66.18028182691009
0.435,29.395718294018145,-66.73344345236656
0.44,29.06068666456398,-67.27958901214828
0.445,28.72294203269425,-67.8186537667129
0.45,28.382519963099444,-68.35057347692452
0.455,28.039456340348373,-68.87528442471533
0.46,27.693787366230527,-69.39272343393866
0.465,27.34554955699374,-69.90282789139765
0.47000000000000003,26.99477974047628,-70.40553576803391
0.47500000000000003,26.641515053132693,-70.90078564025967
0.48,26.285792936952692,-71.3885167114169
0.485,25.92765113627243,-71.86866883334669
0.49,25.56712769447778,-72.34118252805119
0.495,25.20426095059908,-72.80599900943113
0.5,24.839089535797083,-73.26306020508096
0.505,24.471652369739846,-73.71230877812337
0.51,24.101988656870407,-74.15368814906547
0.515,23.730137882565188,-74.58714251765751
0.52,23.356139809183148,-75.01261688473629
0.525,22.980034472005862,-75.43005707403363
0.53,22.601862175068632,-75.83940975393156
0.535,22.221663486883102,-76.24062245914476
0.54,21.839479236051666,-76.63364361231119
0.545,21.455350506774206,-77.01842254547151
0.55,21.069318634247793,-77.39490952141823
0.555,20.68142519996004,-77.76305575489454
0.56,20.291712026876873,-78.12281343362419
0.5650000000000001,19.900221174525658,-78.47413573915226
0.5700000000000001,19.50699493397468,-78.81697686747805
0.5750000000000001,19.112075822710004,-79.15129204946015
0.58,18.71550657941097,-79.47703757097484
0.585,18.317330158625534,-79.79417079280866
0.59,17.91758972534697,-80.10265017026572
0.595,17.516328649493193,-80.40243527247118
0.6,17.113590500290464,-80.6934868013521
0.605,16.70941904056304,-80.97576661027716
0.61,16.303858220930522,-81.24923772233682
0.615,15.89695217391478,-81.51386434824605
0.62,15.48874520795836,-81.7696119038518
0.625,15.079281801356403,-82.0164470272275
0.63,14.66860659610418,-82.25433759533792
0.635,14.2567643916624,-82.48325274025704
0.64,13.843800138642676,-82.70316286492302
0.645,13.429758932415341,-82.91403965841369
0.65,13.0146860066422,-83.11585611072732
0.655,12.598626726736619,-83.30858652705346
0.66,12.18162658325362,-83.49220654151885
0.665,11.763731185212585,-83.66669313039442
0.67,11.34498625335532,-83.83202462474955
0.675,10.92543761334228,-83.98818072254025
0.68,10.505131188889791,-84.13514250011895
0.685,10.084112994851234,-84.27289242315324
0.6900000000000001,9.662429130245142,-84.40141435694251
0.6950000000000001,9.240125771233231,-84.52069357612127
0.7000000000000001,8.817249164051521,-84.63071677373898
0.705,8.393845617897616,-84.73147206970656
0.71,7.969961497777388,-84.8229490186004
0.715,7.545643217314248,-84.90513861681619
0.72,7.1209372315243185,-84.97803330906373
0.725,6.6958900295607995,-85.04162699419643
0.73,6.270548127430859,-85.09591503036918
0.735,5.84495806068845,-85.14089423951827
0.74,5.419166377106412,-85.1765629111592
0.745,4.993219629331331,-85.20292080549753
0.75,4.56716436752455,-85.21996915584977
0.755,4.141047131992822,-85.22771067037093
0.76,3.714914445812058,-85.22614953308728
0.765,3.288812807447653,-85.21529140423257
0.77,2.862788683374874,-85.19514341988733
0.775,2.436888500702796,-85.1657141909213
0.78,2.011158639805251,-85.12701380123998
0.785,1.5856454269622926,-85.07905380533693
0.79,1.1603951270156194,-85.0218472251537
0.795,0.7354539360414172,-84.95540854625148
0.8,0.31086797404405037,-84.87975371329716
0.805,-0.11331672232597546,-84.79490012486897
0.81,-0.5370542070264016,-84.70086662758673
0.8150000000000001,-0.9602986318465834,-84.5976735095727
0.8200000000000001,-1.383004253596513,-84.48534249324942
0.8250000000000001,-1.8051254412581998,-84.36389672748207
0.8300000000000001,-2.2266166830961502,-84.23336077907327
0.835,-2.6474325937237317,-84.0937606236187
0.84,-3.0675279211222515,-83.94512363573298
0.845,-3.4868575536096182,-83.78747857865568
0.85,-3.9053765267555263,-83.62085559324785
0.855,-4.323040030240134,-83.44528618638998
0.86,-4.739803414653274,-83.2608032187936
0.865,-5.155622198231298,-83.0674408922379
0.87,-5.570452073528711,-82.86523473624479
0.875,-5.984248914021816,-82.65422159420545
0.88,-6.3969687806416795,-82.43443960897172
0.885,-6.808567928233756,-82.20592820792734
0.89,-7.21900281194161,-81.96872808755299
0.895,-7.628230093512262,-81.72288119750064
0.9,-8.036206647520732,-81.4684307241928
0.905,-8.442889567511434,-81.20542107396213
0.91,-8.848236172054175,-80.9338978557483
0.915,-9.252204010712608,-80.6539078633683
0.92,-9.654750869923,-80.36549905737729
0.925,-10.05583477878134,-80.06872054653716
0.93,-10.455414014736908,-79.76362256891036
0.935,-10.853447109190373,-79.45025647259696
0.9400000000000001,-11.2498928529948,-79.12867469613221
0.9450000000000001,-11.644710301857815,-78.7989307485637
0.9500000000000001,-12.037858781643456,-78.4610791892258
0.9550000000000001,-12.429297893572166,-78.11517560722979
0.96,-12.818987519317593,-77.7612766006889
0.965,-13.206887825998953,-77.39943975569646
0.97,-13.592959271067661,-77.02972362507569
0.975,-13.97716260708728,-76.65218770692073
0.98,-14.35945888640565,-76.26689242294691
0.985,-14.739809465718391,-75.87389909666962
0.99,-15.118176010522932,-75.47326993143024
0.995,-15.494520499462327,-75.06506798828818
1.0,-15.868805228558289,-74.64935716379746
1.0050000000000001,-16.240992815332845,-74.22620216768655
1.01,-16.61104620281825,-73.79566850045981
1.0150000000000001,-16.978928663454752,-73.35782243093914
1.02,-17.344603802875945,-72.91273097376364
1.025,-17.708035563581664,-72.46046186686547
1.03,-18.069188228498128,-72.00108354893986
1.035,-18.428026424425617,-71.53466513692665
1.04,-18.78451512537352,-71.06127640352047
1.045,-19.138619655783174,-70.58098775472749
1.05,-19.490305693638536,-70.09387020748456
1.055,-19.83953927346529,-69.5999953673579
1.06,-20.18628678921858,-69.09943540633756
1.065,-20.53051499706011,-68.59226304074315
1.07,-20.87219101802504,-68.07855150925704
1.075,-21.2112823405794,-67.55837455109982
1.08,-21.54775682306887,-67.03180638436288
1.085,-21.881582696059578,-66.49892168451322
1.09,-22.212728564571947,-65.95979556308382
1.095,-22.541163410208476,-65.41450354656394
1.1,-22.866856593176532,-64.86312155550235
1.105,-23.189777854207232,-64.30572588383666
1.11,-23.509897316371568,-63.742393178461114
1.115,-23.82718548679501,-63.173200419044974
1.12,-24.141613258271878,-62.59822489811306
1.125,-24.453151910780786,-62.01754420140009
1.1300000000000001,-24.761773112902603,-61.43123618848893
1.135,-25.067448923142297,-60.83937897374355
1.1400000000000001,-25.3701517911563,-60.24205090754649
1.145,-25.669854558886772,-59.639330557850094
1.1500000000000001,-25.966530461604457,-59.03129669205064
1.155,-26.260153128861766,-58.418028259193726
1.16,-26.550696585357716,-57.79960437251896
1.165,-26.838135251716476,-57.176104292351674
1.17,-27.12244394518125,-56.547607409348565
1.175,-27.40359788022532,-55.91419322810391
1.18,-27.681572669081998,-55.27594135112273
1.185,-27.956344322195434,-54.6329314631664
1.19,-28.227889248594032,-53.985243315976064
1.195,-28.496184256188528,-53.33295671337869
1.2,-28.761206551996455,-52.676151496779895
1.205,-29.022933742295187,-52.014907531047854
1.21,-29.281343832705268,-51.34930469079122
1.215,-29.536415228206177,-50.679422847034566
1.22,-29.7881267330865,-50.00534185429356
1.225,-30.036457550830423,-49.3271415380522
1.23,-30.28138728394267,-48.64490168264375
1.235,-30.52289593371381,-47.95870201953679
1.24,-30.760963899928072,-47.2686222160272
1.245,-30.99557198051555,-46.57474186433644
1.25,-31.226701371151012,-45.877140471116476
1.2550000000000001,-31.454333664801187,-45.175897447360825
1.26,-31.678450851222586,-44.4710920987212
1.2650000000000001,-31.89903531641204,-43.762803616228474
1.27,-32.11606984201168,-43.05111106741692
1.2750000000000001,-32.32953760467071,-42.336093387849296
1.28,-32.539422175365615,-41.617829373041474
1.285,-32.7457075186812,-40.8963976707833
1.29,-32.94837799205399,-40.17187677385358
1.295,-33.147418344980366,-39.44434501312543
1.3,-33.34281371819102,-38.71388055105899
1.305,-33.534549642794005,-37.980561375577565
1.31,-33.72261203938796,-37.2444652943231
1.315,-33.906987217147616,-36.505669929286604
1.32,-34.08766187288339,-35.764252711809085
1.325,-34.264623090076824,-35.02029087794784
1.33,-34.43785833789384,-34.2738614642031
1.335,-34.60735547017741,-33.52504130359954
1.34,-34.773102724421605,-32.77390702211701
1.345,-34.935088720728544,-32.02053503546453
1.35,-35.09330246075016,-31.265001546191606
1.355,-35.24773332661621,-30.507382541130156
1.36,-35.398371079850484,-29.747753789160928
1.365,-35.54520586027642,-28.98619083929734
1.37,-35.688228184914024,-28.222769019079987
1.375,-35.82742894686958,-27.457563433274466
1.3800000000000001,-35.962799414219425,-26.690648962865534
1.385,-36.09433122888952,-25.92210026433983
1.3900000000000001,-36.222016405532095,-25.151991769249747
1.395,-36.34584733040077,-24.38039768405057
1.4000000000000001,-36.46581676022559,-23.60739199020302
1.405,-36.581917821089085,-22.833048444533127
1.41,-36.694144007304885,-22.057440579841302
1.415,-36.80248918029989,-21.28064170575231
1.42,-36.906947567501206,-20.502724909797692
1.425,-37.00751376122926,-19.723763058722277
1.43,-37.104182717597695,-18.943828800005992
1.435,-37.19694975542163,-18.1629945635925
1.44,-37.28581055513485,-17.38133256381579
1.445,-37.370761157717304,-16.598914801515864
1.45,-37.45179796363339,-15.815813066334728
1.455,-37.52891773178232,-15.032098939183642
1.46,-37.60211757846115,-14.247843794872658
1.465,-37.671394976341325,-13.463118804893362
1.47,-37.73674775345954,-12.677994940345766
1.475,-37.798174092223476,-11.892542975000165
1.48,-37.855672528433196,-11.106833488484837
1.485,-37.90924195031885,-10.32093686959042
1.49,-37.958881597595,-9.53492331968168
1.495,-38.00459106053237,-8.748862856207582
1.5,-38.04637027904728,-7.962825316300368
1.5050000000000001,-38.08421954180932,-7.176880360454446
1.51,-38.118139485367564,-6.39109747627592
1.5150000000000001,-38.14813109329568,-5.605545982293488
1.52,-38.17419569535623,-4.820295031821629
1.5250000000000001,-38.19633496668432,-4.035413616866832
1.53,-38.21455092699097,-3.2509705720678035
1.5350000000000001,-38.228845939786154,-2.4670345786604986
1.54,-38.239222711621714,-1.6836741684589709
1.545,-38.2456842913542,-0.9009577278429693
1.55,-38.24823406942765,-0.11895350174334259
1.555,-38.24687577717619,0.6622704023836883
1.56,-38.24161348614654,1.442646010602249
1.565,-38.232451607440154,2.222105478571335
1.57,-38.219394891074906,3.0005810876568773
1.575,-38.2024484253661,3.778005241090021
1.58,-38.18161763632648,4.554310460180225
1.585,-38.15690828708514,5.329429380591689
1.59,-38.12832647732468,6.103294748691563
1.595,-38.09587864273665,6.875839417978262
1.6,-38.05957155449439,7.646996345598173
1.605,-38.01941231874315,8.41669858895891
1.61,-37.975408376106934,9.184879302447152
1.615,-37.927567501211314,9.951471734259066
1.62,-37.87589780222194,10.716409223351109
1.625,-37.82040772039785,11.479625196519006
1.6300000000000001,-37.761106029659096,12.24105316561245
1.635,-37.698001836167926,13.000626724893094
1.6400000000000001,-37.63110457792282,13.75827954854309
1.645,-37.5604240243645,14.513945388331575
1.6500000000000001,-37.48597027599326,15.267558071446036
1.655,-37.4077537639967,16.019051498495593
1.6600000000000001,-37.325785249886984,16.768359641693053
1.665,-37.240075825146654,17.515416543222297
1.67,-37.150636910882234,18.26015631379765
1.675,-37.057480257484464,19.002513131421413
1.68,-36.96061794429425,19.742421240345926
1.685,-36.860062379273245,20.47981495024611
1.69,-36.755826298678066,21.21462863560825
1.695,-36.647922766736976,21.946796735340932
1.7,-36.53636517532798,22.676253752613388
1.705,-36.42116724365704,23.402934254926688
1.71,-36.302343017935485,24.12677287442291
1.715,-36.17990687105514,24.847704308437198
1.72,-36.05387350226012,25.565663320297343
1.725,-35.924257936813966,26.280584740375648
1.73,-35.791075525660986,26.99240346739714
1.735,-35.65434194508019,27.70105447000843
1.74,-35.514073196330955,28.406472788610973
1.745,-35.37028560528865,29.108593537462596
1.75,-35.22299582206919,29.80735190705046
1.7550000000000001,-35.072220820640986,30.50268316673894
1.76,-34.91797789842304,31.19452266769528
1.7650000000000001,-34.760284675867524,31.882805846095806
1.77,-34.59915909602586,32.56746822661513
1.7750000000000001,-34.434619424096404,33.24844542620071
1.78,-34.266684246952764,33.92567315813479
1.7850000000000001,-34.095372472650844,34.59908723638529
1.79,-33.92070332991366,35.26862358024732
1.795,-33.74269636759197,35.93421821927658
1.8,-33.56137145409972,36.59580729851542
1.805,-33.37674877682245,37.253327084012426
1.81,-33.188848841497524,37.90671396863595
1.815,-32.997692471564406,38.55590447818166
1.82,-32.803300807483794,39.20083527777405
1.825,-32.605695306023925,39.84144317856145
1.83,-32.404897739512705,40.47766514470391
1.835,-32.20093019505417,41.10943830065297
1.84,-31.99381507370785,41.736699938721884
1.845,-31.783575089629515,42.35938752694514
1.85,-31.570233269171908,42.9774387172249
1.855,-31.35381294994408,43.59079135376258
1.86,-31.13433777982782,44.199383481773125
1.865,-30.911831715949848,44.80315335647895
1.87,-30.68631902360834,45.402039452380826
1.875,-30.457824275152365,45.99598047280221
1.8800000000000001,-30.22637234881302,46.58491535970325
1.885,-29.991988427484777,47.16878330376096
1.8900000000000001,-29.754697997455782,47.74752375471077
1.895,-29.514526847085836,48.321076431945244
1.9000000000000001,-29.271501065430712,48.88938133536517
1.905,-29.025647040811638,49.45237875647755
1.9100000000000001,-28.77699145932868,50.01000928973538
1.915,-28.52556130331684,50.56221384411338
1.92,-28.27138384974372,51.108933654913486
1.925,-28.01448666854755,51.65011029579412
1.93,-27.75489762091463,52.185685691016175
1.935,-27.49264485749493,52.7156021278993
1.94,-27.227756816554955,53.2398022694809
1.945,-26.960262222066817,53.758229167370686
1.95,-26.69019008173259,54.27082627479281
1.955,-26.417569684942983,54.77753745980783
1.96,-26.142430600669517,55.27830701870589
1.965,-25.864802675289287,55.77307968956297
1.97,-25.58471603034162,56.26180066595128
1.975,-25.3022010602158,56.7444156107945
1.98,-25.017288429769167,57.22087067035901
1.985,-24.730009071874974,57.691112488371466
1.99,-24.440394184899386,58.155088220252736
1.995,-24.14847523010701,58.612745547458616
2.0,-23.85428392899454,59.064032691916914
2.005,-23.557852260551954,59.50889843055059
2.0100000000000002,-23.259212458450975,59.947292109876464
2.015,-22.958397008160315,60.379163660668596
2.02,-22.655438643987555,60.80446361267554
2.025,-22.35037034604728,61.223143109380246
2.0300000000000002,-22.043225337155384,61.63515392279169
2.035,-21.734037079649326,62.040448468256095
2.04,-21.4228392721344,62.43897981927724
2.045,-21.109665846155835,62.83070172233333
2.05,-20.794550962796905,63.21556861167908
2.055,-20.4775290092031,63.593535624121095
2.06,-20.158634595032517,63.964558613754484
2.065,-19.837902548832712,64.32859416664884
2.07,-19.51536791434428,64.68559961547133
2.075,-19.191065946731527,65.03553305403479
2.08,-18.86503210874064,65.37835335175882
2.085,-18.537302066785756,65.7140201680314
2.09,-18.207911686963595,66.04249396645898
2.095,-17.87689703099709,66.36373602899273
2.1,-17.544294352108786,66.67770846991907
2.105,-17.210140090824613,66.98437424970162
2.11,-16.874470870708915,67.28369718866333
2.115,-16.537323494031472,67.5756419804961
2.12,-16.19873493736748,67.86017420558606
2.125,-15.858742347131345,68.13726034414269
2.13,-15.517383035045425,68.40686778911996
2.1350000000000002,-15.174694473544681,68.66896485891787
2.14,-14.830714291118444,68.92352080985263
2.145,-14.485480267590397,69.17050584838411
2.15,-14.139030329338128,69.40989114308972
2.1550000000000002,-13.79140254445342,69.64164883637311
2.16,-13.442635117844741,69.86575205589695
2.165,-13.092766386283273,70.08217492572946
2.17,-12.741834813393975,70.29089257719363
2.1750000000000003,-12.389878984593157,70.49188115940932
2.18,-12.036937601974158,70.6851178495181
2.185,-11.683049479142719,70.87058086258106
2.19,-11.328253536003723,71.0482494611401
2.195,-10.972588793500996,71.21810396443354
2.2,-10.616094368311906,71.38012575725693
2.205,-10.25880946749861,71.53429729846094
2.21,-9.900773383117718,71.68060212907741
2.215,-9.542025486790285,71.81902488006591
2.22,-9.182605224234052,71.94955127967329
2.225,-8.822552109759883,72.0721681603985
2.23,-8.461905720734366,72.18686346555636
2.235,-8.100705692010653,72.29362625543286
2.24,-7.738991710329537,72.39244671302674
2.245,-7.376803508692875,72.48331614937068
2.25,-7.014180860711502,72.56622700842725
2.255,-6.651163574929711,72.6411728715543
2.2600000000000002,-6.287791489128511,72.70814846153519
2.265,-5.924104464609844,72.76714964616967
2.27,-5.560142380463935,72.81817344142168
2.275,-5.195945127822051,72.86121801412052
2.2800000000000002,-4.8315526040968555,72.89628268421245
2.285,-4.4670047072126495,72.92336792656035
2.29,-4.102341329827744,72.94247537228914
2.295,-3.7376023535512495,72.95360780967543
2.3000000000000003,-3.3728276431565636,72.95676918457997
2.305,-3.008057040793833,72.95196460042249
2.31,-2.6433303602036924,72.93920031769792
2.315,-2.278687380934564,72.91848375303489
2.32,-1.9141678425658128,72.88982347779633
2.325,-1.5498114389390294,72.85322921622348
2.33,-1.18565781239974,72.8087118431247
2.335,-0.8217465480517991,72.75628338111059
2.34,-0.4581171680267286,72.69595699737825
2.345,-0.09480912577026072,72.62774700004671
2.35,0.26813819965168917,72.55166883404722
2.355,0.6306855092254001,72.46773907657132
2.36,0.9927935896378712,72.3759754320813
2.365,1.3544233188993209,72.27639672688683
2.37,1.715535671937499,72.16902290329274
2.375,2.0760917261616862,72.05387501332302
2.38,2.436052666994273,71.93097521202688
2.3850000000000002,2.7953797933678377,71.80034675037194
2.39,3.154034523185689,71.66201396773195
2.395,3.5119783987438504,71.51600228397466
2.4,3.8691730921125074,71.36233819115742
2.4050000000000002,4.22558041047498,71.20104924483756
2.41,4.581162301422306,71.03216405500537
2.415,4.935880858201577,70.85571227664755
2.42,5.289698324916192,70.67172459994916
2.4250000000000003,5.642577101676247,70.48023274014332
2.43,5.994479749697326,70.28126942701678
2.435,6.345368996345976,70.0748683940809
2.44,6.695207740130259,69.86106436741731
2.445,7.043959055633719,69.63989305420802
2.45,7.391586198391268,69.41139113095953
2.455,7.738052609705459,69.17559623143148
2.46,8.08332192140167,68.93254693427983
2.465,8.427357960520869,68.68228275042502
2.47,8.77012475394854,68.42484411015622
2.475,9.111586532978507,68.1602723499818
2.48,9.451707737810423,67.88860969923795
2.485,9.79045302197973,67.60989926646545
2.49,10.127787256718955,67.3241850255671
2.495,10.463675535249296,67.03151180175604
2.5,10.798083177001454,66.73192525730727
2.505,11.13097573176477,66.42547187712334
2.5100000000000002,11.462318983763767,66.11219895412627
2.515,11.792078955661255,65.79215457448704
2.52,12.120221912487219,65.4653876027046
2.525,12.446714365492761,65.13194766654587
2.5300000000000002,12.771523075928428,64.7918851418589
2.535,13.094615058746351,64.44525113727029
2.54,13.415957586225582,64.09209747877942
2.545,13.73551819152022,63.732476694260455
2.5500000000000003,14.053264672129831,63.36644199788425
2.555,14.369165093291832,62.99404727447156
2.56,14.683187791295488,62.61534706378906
2.565,14.99530137671731,62.23039654479998
2.57,15.305474737577603,61.83925151988027
2.575,15.61367704241806,61.4419683990118
2.58,15.919877743300294,61.03860418396376
2.585,16.224046578725318,60.629216452473365
2.59,16.526153576473888,60.21386334243645
2.595,16.82616905636794,59.792603536119074
2.6,17.124063632953124,59.36549624440046
2.605,17.419808218102673,58.932601191057834
2.61,17.713374023542855,58.49397859710345
2.615,18.00473256330023,58.049689165183615
2.62,18.293855656071145,57.599794064049966
2.625,18.58071542751376,57.14435491311224
2.63,18.865284312463068,56.68343376708241
2.6350000000000002,19.14753505706943,56.21709310071913
2.64,19.427440720861075,55.74539579368158
2.645,19.704974678731194,55.26840511550165
2.65,19.9801106228502,54.78618471068269
2.6550000000000002,20.25282256450385,54.298798583933426
2.66,20.52308483585788,53.806311085545055
2.665,20.790872091649895,53.30878689691912
2.67,21.05615931080936,52.806291016253866
2.6750000000000003,21.31892179800637,52.298888744396244
2.68,21.57913518513016,51.7866456708669
2.685,21.836775432698165,51.2696276600643
2.69,22.091818831196612,50.747900837654996
2.695,22.344242002353507,50.221531577155915
2.7,22.59402190034505,49.69058648671473
2.705,22.841135812936457,49.155132396093784
2.71,23.08556136255825,48.61523634386309
2.715,23.327276507318995,48.07096556480732
2.72,23.56625954195572,47.522387477551604
2.725,23.802489098722905,46.96956967241073
2.73,24.035944148221407,46.412579899465634
2.735,24.266604000168233,45.85148605687156
2.74,24.494448304108552,45.28635617940111
2.745,24.719457050070947,44.71725842722569
2.75,24.941610569167192,44.14426107493847
2.755,25.16088953413779,43.56743250082153
2.7600000000000002,25.377274959844414,42.98684117635976
2.765,25.590748203710582,42.402555656003635
2.77,25.801290966111768,41.814644567183
2.775,26.008885290716183,41.22317660057326
2.7800000000000002,26.213513564777546,40.62822050061565
2.785,26.415158519381094,40.02984505629245
2.79,26.61380322964412,39.42811909215828
2.795,26.809431114872257,38.82311145962773
2.8000000000000003,27.002025938672904,38.2148910285201
2.805,27.191571809026996,37.603526678860845
2.81,27.378053178320386,36.98908729293995
2.815,27.561454843336207,36.37164174762667
2.82,27.74176194520943,35.75125890693987
2.825,27.918959969344893,35.12800761487326
2.83,28.093034745300113,34.50195668847432
2.835,28.263972446634085,33.87317491117544
2.84,28.43175959072342,33.241731026375795
2.845,28.59638303854695,32.6076937312723
2.85,28.75782999444014,31.971131670937204
2.855,28.916088005820484,31.332113432640504
2.86,29.071144962885104,30.690707540414536
2.865,29.22298909828182,30.046982449858152
2.87,29.37160898675475,29.401006543177576
2.875,29.516993544765743,28.752848124461117
2.88,29.659132030092756,28.102575415184255
2.8850000000000002,29.798014041406343,27.450256549941976
2.89,29.933629517825274,26.79595957240457
2.895,30.065968738452582,26.139752431493417
2.9,30.19502232189298,25.481702977772617
2.9050000000000002,30.320781225752732,24.821878960052604
2.91,30.4432367461231,24.160348022201525
2.915,30.562380517048375,23.497177700159853
2.92,30.67820450997936,22.83243541915417
2.9250000000000003,30.790701033213544,22.166188491105025
2.93,30.8998627313227,21.498504112224506
2.935,31.005682584568937,20.829449360798417
2.94,31.10815390831015,20.15909119514826
2.945,31.207270352395643,19.48749645176779
2.95,31.303025900552903,18.814731843629083
2.955,31.39541486976631,18.140863958652666
2.96,31.48443190964856,17.465959258336436
2.965,31.570072001805613,16.790084076537863
2.97,31.652330459195973,16.113304618403845
2.975,31.731202925484872,15.435686959442684
2.98,31.806685374394227,14.757297044732326
2.985,31.878774109048937,14.078200688259232
2.99,31.947465761320142,13.398463572381848
2.995,32.01275729116617,12.718151247412967
3.0,32.07464598597158,12.03732913131484
3.005,32.13312945988505,11.356062509501132
3.0100000000000002,32.18820565315635,10.674416534739658
3.015,32.23987283147332,9.99245622714975
3.02,32.288129585298755,9.310246474288213
3.025,32.33297482920813,8.62785203131764
3.0300000000000002,32.37440780122832,7.945337521250981
3.035,32.412428062177604,7.262767435266101
3.04,32.44703549500751,6.580206133084192
3.045,32.47823030414664,5.897717843405751
3.0500000000000003,32.5060130148468,5.2153666643979575
3.055,32.53038447253171,4.533216564227186
3.06,32.551345842148386,3.85133138163048
3.065,32.56889860752158,3.1697748265197285
3.0700000000000003,32.583044570711166,2.48861048061239
3.075,32.59378585137281,1.807901798082567
3.08,32.60112488612189,1.1277121062262816
3.085,32.60506442790084,0.4481046061348175
3.09,32.60560754534969,-0.23085762662996276
3.095,32.60275762218012,-0.9091116413643965
3.1,32.596518356552814,-1.5865946115619132
3.105,32.586893760457976,-2.2632438342680268
3.11,32.573888159099155,-2.938996729457362
3.115,32.55750619027999,-3.6137908394385914
3.12,32.5377528037939,-4.2875638282931225
3.125,32.51463326081646,-4.960253481353292
3.13,32.48815313330027,-5.631797704725781
3.1350000000000002,32.45831830337211,-6.302134524865869
3.14,32.42513496273199,-6.971202088208142
3.145,32.38860961205397,-7.638938660859076
3.15,32.348749060388315,-8.305282628356986
3.1550000000000002,32.30556042456467,-8.970172495504581
3.16,32.25905112859583,-9.633546886279497
3.165,32.20922890308182,-10.295344543827802
3.17,32.15610178461375,-10.95550433054569
3.1750000000000003,32.099678115176985,-11.613965228254218
3.18,32.039966541553234,-12.270666338472008
3.185,31.976976014721004,-12.925546882790636
3.19,31.910715789253953,-13.578546203357408
3.1950000000000003,31.841195422716424,-14.229603763469973
3.2,31.768424775055852,-14.878659148287332
3.205,31.692414007991193,-15.525652065661422
3.21,31.613173584396964,-16.170522347093513
3.215,31.530714267682146,-16.813209948819477
3.22,31.44504712116329,-17.45365495302787
3.225,31.356183507431258,-18.091797569214613
3.23,31.264135087710766,-18.727578135677884
3.235,31.168913821212143,-19.360937121156905
3.24,31.070531964474483,-19.99181512661774
3.245,30.96900207069954,-20.62015288718969
3.25,30.864336989075493,-21.245891274255015
3.255,30.756549864089955,-21.868971297695243
3.2600000000000002,30.64565413483122,-22.489334108296614
3.265,30.53166353427719,-23.10692100031743
3.27,30.414592088571037,-23.721673414219765
3.275,30.294454116282715,-24.333532939567732
3.2800000000000002,30.171264227655655,-24.94244131809469
3.285,30.045037323837608,-25.548340446941058
3.29,29.915788596094934,-26.15117238206486
3.295,29.78353352500934,-26.750879341826373
3.3000000000000003,29.648287879656316,-27.347403710748544
3.305,29.51006771676429,-27.940688043454298
3.31,29.368889379853634,-28.53067506878201
3.315,29.224769498354686,-29.11730769407988
3.3200000000000003,29.077724986703814,-29.700529009680118
3.325,28.92777304341672,-30.28028229355339
3.33,28.77493115013791,-30.856511016144008
3.335,28.61921707066564,-31.42915884538585
3.34,28.460648849951262,-31.99816965189923
3.345,28.299244813072203,-32.56348751436838
3.35,28.13502356417751,-33.1250567250992
3.355,27.96800398540527,-33.68282179575664
3.36,27.798205235770794,-34.23672746328103
3.365,27.625646750024835,-34.78671869598229
3.37,27.450348237480906,-35.3327406998109
3.375,27.272329680810724,-35.87473892480421
3.38,27.091611334807098,-36.412659071706656
3.3850000000000002,26.908213725113196,-36.94644709876187
3.39,26.722157646917495,-37.47604922867499
3.395,26.533464163613438,-38.00141195574291
3.4,26.342154605423097,-38.52248205314999
3.4050000000000002,26.148250567983904,-39.03920658042689
3.41,25.951773910897675,-39.551532891069556
3.415,25.752746756241226,-40.059408640315674
3.42,25.551191487037624,-40.562781793075175
3.4250000000000003,25.347130745687497,-41.06160063201167
3.43,25.140587432359514,-41.55581376577114
3.435,24.931584703339404,-42.045370137354304
3.44,24.720145969336716,-42.53021903262863
3.4450000000000003,24.506294893748755,-43.01031008897599
3.45,24.29005539088089,-43.485593304071706
3.455,24.071451624122695,-43.95601904479034
3.46,23.85050800407923,-44.42153805623388
3.465,23.62724918665693,-44.88210147087726
3.47,23.401700071103438,-45.33766081782641
3.475,23.173885798000914,-45.78816803218348
3.48,22.94383174721229,-46.23357546451419
3.485,22.71156353577989,-46.67383589041158
3.49,22.47710701577606,-47.108902520150494
3.495,22.240488272105313,-47.538729008427396
3.5,22.001733620257557,-47.96326946417901
3.505,21.76086960401207,-48.38247846047399
3.5100000000000002,21.51792299309184,-48.79631104447155
3.515,21.272920780768008,-49.2047227474402
3.52,21.025890181414024,-49.60766959483062
3.525,20.77685862800938,-50.005108116395604
3.5300000000000002,20.525853769592594,-50.39699535635064
3.535,20.272903468663408,-50.78328888356802
3.54,20.018035798533823,-51.16394680179775
3.545,19.7612790406281,-51.53892775990785
3.5500000000000003,19.50266168173147,-51.90819096213741
3.555,19.24221241118761,-52.27169617835443
3.56,18.979960118044772,-52.629403754311895
3.565,18.71593388815078,-52.98127462189385
3.5700000000000003,18.45016300119673,-53.32727030934484
3.575,18.182676927709675,-53.667352951474335
3.58,17.913505325994347,-54.0014852998292
3.585,17.64267803902414,-54.32963073282639
3.59,17.370225091281554,-54.65175326583776
3.595,17.09617668554833,-54.96781756122
3.6,16.820563199645633,-55.27778893828135
3.605,16.543415183124594,-55.58163338317777
3.61,16.26476335390751,-55.87931755873032
3.615,15.984638594880256,-56.17080881415677
3.62,15.703071950436232,-56.45607519470876
3.625,15.4200946229724,-56.73508545120739
3.63,15.135737969337912,-57.00780904946963
3.6350000000000002,14.850033497235923,-57.274216179617206
3.64,14.563012861579182,-57.53427776526112
3.645,14.274707860799994,-57.7879654725538
3.65,13.985150433115317,-58.035251719101254
3.6550000000000002,13.694372652747678,-58.2761096827283
3.66,13.402406726102614,-58.51051331008888
3.665,13.109284987903512,-58.73843732511476
3.67,12.815039897284617,-58.959857237294855
3.6750000000000003,12.519704033843079,-59.17474934977856
3.68,12.22331009365098,-59.383090767295904
3.685,11.925890885228192,-59.584859403887634
3.69,11.627479325477134,-59.7800339904386
3.6950000000000003,11.328108435580342,-59.96859408200771
3.7,11.027811336861921,-60.15052006494822
3.705,10.726621246613945,-60.325793163811674
3.71,10.424571473888925,-60.49439544802979
3.715,10.121695415259383,-60.65630983836801
3.72,9.8180265505458,-60.81152011314484
3.725,9.513598438514073,-60.96001091421163
3.73,9.208444712543631,-61.101767752687124
3.735,8.902599076267583,-61.236777014441586
3.74,8.59609529918603,-61.365025965325266
3.745,8.28896721225393,-61.48650275613673
3.75,7.981248703444755,-61.60119642732605
3.755,7.672973713291339,-61.70909691342855
3.7600000000000002,7.364176230405219,-61.810195047224816
3.765,7.0548902869758905,-61.90448256362326
3.77,6.745149954251343,-61.99195210326098
3.775,6.434989338001323,-62.072597215819954
3.7800000000000002,6.124442573964715,-62.146412363054885
3.785,5.813543823282538,-62.21339292152977
3.79,5.502327267917987,-62.273535185060574
3.795,5.190827106064994,-62.32683636686126
3.8000000000000003,4.879077547546823,-62.373294601390754
3.805,4.567112809206175,-62.412908945899474
3.81,4.254967110288323,-62.44567938167282
3.815,3.942674667818785,-62.471606814970635
3.8200000000000003,3.6302696919770683,-62.490693077661334
3.825,3.3177863814680073,-62.5029409275496
3.83,3.0052589188922365,-62.508354048396974
3.835,2.6927214661173173,-62.50693704963493
3.84,2.380208159651083,-62.49869546577023
3.845,2.0677531060187158,-62.48363575548278
3.85,1.7553903771451034,-62.46176530041596
3.855,1.4431540057440153,-62.43309240366049
3.86,1.1310779807156166,-62.39762628793249
3.865,0.8191962425538557,-62.355377093446926
3.87,0.5075426787652404,-62.30635587548778
3.875,0.1961511193005136,-62.25057460167682
3.88,-0.11494466799926342,-62.18804614894243
3.8850000000000002,-0.42571098194073465,-62.11878430019144
3.89,-0.7361141924988945,-62.04280374068558
3.895,-1.046120745318888,-61.96012005412577
3.9,-1.355697166197511,-61.87074971844699
3.9050000000000002,-1.66481006554297,-61.77471010132681
3.91,-1.9734261428114857,-61.672019455411196
3.915,-2.281512190919324,-61.56269691326096
3.92,-2.5890351006288803,-61.446762482023
3.9250000000000003,-2.8959618649074415,-61.32423703783009
3.93,-3.202259583257283,-61.1951423199338
3.935,-3.507895466015784,-61.059500924574905
3.94,-3.812836838624244,-60.917336298595956
3.9450000000000003,-4.117051145864142,-60.7686727328011
3.95,-4.4205059560595785,-60.61353535506803
3.955,-4.723168965244673,-60.45195012321744
3.96,-5.025008001294727,-60.28394381764566
3.9650000000000003,-5.3259910280199625,-60.10954403372561
3.97,-5.626086149220725,-59.928779173982456
3.975,-5.9252616127030056,-59.74167844004949
3.98,-6.223485814253222,-59.54827182441057
3.985,-6.5207273015711955,-59.34859010193529
3.99,-6.816954778160304,-59.14266482121322
3.995,-7.112137107173837,-58.93052829569405
4.0,-7.40624331521657,-58.71221359463966
4.005,-7.699242596100674,-58.48775453389539
4.01,-7.9911043145550265,-58.25718566648737
4.015,-8.281798009887119,-58.02054227305235
4.0200000000000005,-8.571293399596708,-57.777860352107545
4.025,-8.85956038294044,-57.52917661016754
4.03,-9.146569044446698,-57.274528451715106
4.035,-9.432289657379973,-57.01395396903361
4.04,-9.716692687154067,-56.74749193190791
4.045,-9.999748794693488,-56.47518177720153
4.05,-10.281428839742466,-56.19706359831691
4.055,-10.561703884120991,-55.9131781345467
4.0600000000000005,-10.84054519492735,-55.62356676032323
4.065,-11.117924247686695,-55.32827147437357
4.07,-11.393812729445179,-55.02733488878778
4.075,-11.668182541809221,-54.72080021800764
4.08,-11.941005803929555,-54.40871126774347
4.085,-12.212254855429713,-54.091112423826296
4.09,-12.481902259278607,-53.768048641002714
4.095,-12.749920804606994,-53.43956543168002
4.1,-13.016283509467552,-53.10570885462869
4.105,-13.280963623538382,-52.76652550364953
4.11,-13.543934630769787,-52.4220624962129
4.115,-13.805170251974207,-52.07236746207671
4.12,-14.064644447359203,-51.717488531890744
4.125,-14.322331419003456,-51.357474325793994
4.13,-14.57820561327575,-50.99237394201205
4.135,-14.832241723196981,-50.62223694546129
4.14,-15.084414690745218,-50.24711335636664
4.1450000000000005,-15.334699709103884,-49.867053638899556
4.15,-15.583072224853248,-49.48210868984265
4.155,-15.829507940105291,-49.09232982728752
4.16,-16.07398281458217,-48.6977687793719
4.165,-16.316473067638487,-48.29847767306241
4.17,-16.556955180227607,-47.89450902298881
4.175,-16.795405896812305,-47.485915720336
4.18,-17.03180222722003,-47.07275102179904
4.1850000000000005,-17.266121448443098,-46.65506853860718
4.19,-17.498341106384242,-46.23292222562222
4.195,-17.72843901754778,-45.806366370516685
4.2,-17.956393270677,-45.37545558303679
4.205,-18.182182228337986,-44.94024478435533
4.21,-18.40578452845047,-44.50078919651937
4.215,-18.627179085766272,-44.05714433199743
4.22,-18.84634509329556,-43.60936598333061
4.225,-19.063262023681826,-43.15751021289234
4.23,-19.2779096305258,-42.701633342760275
4.235,-19.490267949659103,-42.24179194470533
4.24,-19.70031730036811,-41.77804283030078
4.245,-19.908038286568704,-41.310443041155814
4.25,-20.113411797932468,-40.83904983927661
4.255,-20.31641901096507,-40.36392069755837
4.26,-20.517041390037388,-39.88511329041169
4.265,-20.71526068837017,-39.4026854845259
4.2700000000000005,-20.911058948972823,-38.91669532977238
4.275,-21.104418505537073,-38.42720105025048
4.28,-21.29532198328624,-37.934261035478336
4.285,-21.483752299780832,-37.437933831730874
4.29,-21.669692665681204,-36.93827813352733
4.295,-21.85312658546799,-36.43535277526974
4.3,-22.034037858121213,-35.92921672303457
4.305,-22.212410577758607,-35.419929066518655
4.3100000000000005,-22.388229134234184,-34.90754901114109
4.315,-22.561478213697594,-34.39213587030213
4.32,-22.73214279911527,-33.87374905780012
4.325,-22.90020817075399,-33.35244808040734
4.33,-23.065659906627737,-32.82829253060544
4.335,-23.228483882908638,-32.301342079480904
4.34,-23.38866627430279,-31.77165646978102
4.345,-23.546193554391746,-31.2392955091303
4.3500000000000005,-23.701052495940495,-30.704319063407656
4.355,-23.85323017117273,-30.16678705028387
4.36,-24.002713952014197,-29.626759432919304
4.365,-24.149491510304934,-29.084296213821222
4.37,-24.293550817981195,-28.53945742886015
4.375,-24.434880147227833,-27.992303141444562
4.38,-24.57346807060199,-27.442893436852817
4.385,-24.709303461128773,-26.891288416721444
4.39,-24.84237549236982,-26.337548193688534
4.3950000000000005,-24.97267363846542,-25.781732886190717
4.4,-25.10018767415103,-25.22390261341254
4.405,-25.224907674748877,-24.66411749038633
4.41,-25.34682401613546,-24.102437623241
4.415,-25.465927374685656,-23.538923104597803
4.42,-25.582208727194132,-22.973634009111127
4.425,-25.6956593507749,-22.406630389152095
4.43,-25.806270822739513,-21.837972270632832
4.4350000000000005,-25.91403502045484,-21.26771964896903
4.44,-26.018944121180912,-20.695932485178297
4.445,-26.120990601889666,-20.1226707021118
4.45,-26.220167239065088,-19.54799418081645
4.455,-26.316467108485533,-18.971962757024972
4.46,-26.409883584988798,-18.39463621777084
4.465,-26.500410342220572,-17.81607429812531
4.47,-26.588041352366854,-17.23633667805333
4.4750000000000005,-26.67277088587094,-16.655482979385315
4.48,-26.754593511135553,-16.073572762901566
4.485,-26.83350409421068,-15.490665525525959
4.49,-26.909497798467594,-14.906820697625673
4.495,-26.982570084259667,-14.32209764041345
4.5,-27.052716708570433,-13.7365556434489
4.505,-27.119933724649385,-13.150253922235319
4.51,-27.184217481635972,-12.56325161590839
4.515,-27.24556462417228,-11.975607785013114
4.5200000000000005,-27.303972092004777,-11.387381409365224
4.525,-27.359437119575595,-10.79863138599336
4.53,-27.411957235603694,-10.20941652715814
4.535,-27.461530262656293,-9.619795558444343
4.54,-27.508154316710943,-9.029827116922242
4.545,-27.551827806708562,-8.439569749374265
4.55,-27.592549434097762,-7.849081910582938
4.555,-27.63031819237073,-7.258421961676209
4.5600000000000005,-27.66513336659099,-6.667648168526158
4.565,-27.696994532913287,-6.076818700197007
4.57,-27.72590155809576,-5.485991627438526
4.575,-27.75185459900478,-4.8952249212206915
4.58,-27.774854102112453,-4.3045764513056275
4.585,-27.794900802987108,-3.714103984852737
4.59,-27.81199572577691,-3.1238651850530004
4.595,-27.82614018268662,-2.5339176097884017
4.6000000000000005,-27.83733577344779,-1.9443187103124298
4.605,-27.84558438478235,-1.3551258299476407
4.61,-27.850888189859695,-0.7663962027962596
4.615,-27.853249647747404,-0.1781869524598365
4.62,-27.85267150285552,0.4094449092360293
4.625,-27.84915678437446,0.9964424835158459
4.63,-27.842708805706547,1.5827489859311914
4.635,-27.83333116389115,2.1683077476443775
4.64,-27.82102773902335,2.7530622167226837
4.6450000000000005,-27.80580269366613,3.336955959446982
4.65,-27.787660472255926,3.919932661638543
4.655,-27.766605800501523,4.501936130007768
4.66,-27.74264368477612,5.082910293528554
4.665,-27.715779411502485,5.662799204841926
4.67,-27.686018546530935,6.241547041692555
4.675,-27.653366934510114,6.819098108401697
4.68,-27.61783069825024,7.395396837380053
4.6850000000000005,-27.579416238078746,7.970387790683959
4.69,-27.538130231187917,8.54401566161827
4.695,-27.49397963097453,9.116225276389283
4.7,-27.446971666370917,9.686961595810873
4.705,-27.39711384116754,10.256169717067017
4.71,-27.344413933326432,10.82379487553382
4.715,-27.2888799942855,11.389782446664002
4.72,-27.23052034825316,11.954077947936844
4.7250000000000005,-27.169343591493067,12.516627040876351
4.73,-27.105358591598602,13.07737553314049
4.735,-27.038574486756687,13.636269380684105
4.74,-26.969000685000616,14.193254689998122
4.745,-26.896646863451497,14.748277720427591
4.75,-26.821522967547875,15.30128488657085
4.755,-26.74363921026315,15.852222760762242
4.76,-26.663006071310402,16.401038075640525
4.765,-26.5796342963341,16.947677726805072
4.7700000000000005,-26.49353489608834,17.49208877556192
4.775,-26.404719145601113,18.034218451761536
4.78,-26.313198583324137,18.574014156730044
4.785,-26.218985010267826,19.11142346629575
4.79,-26.12209048912081,19.646394133912356
4.795,-26.022527343353705,20.178874093880427
4.8,-25.92030815630641,20.708811464668468
4.805,-25.815445770258638,21.236154552334824
4.8100000000000005,-25.70795328548299,21.76085185405147
4.815,-25.597844059280263,22.28285206173082
4.82,-25.485131704996263,22.80210406575626
4.825,-25.36983009101974,23.318556958817325
4.83,-25.25195333976092,23.832160039850084
4.835,-25.13151582661001,24.342862818083155
4.84,-25.008532178875235,24.85061501718994
4.845,-24.883017274699856,25.35536657954722
4.8500000000000005,-24.75498624195761,25.85706767060016
4.855,-24.62445445712608,26.355668683333924
4.86,-24.49143754413742,26.851120242851636
4.865,-24.35595137320593,27.343373211058502
4.87,-24.218012059631945,27.832378691451684
4.875,-24.077635962581546,28.318088034015446
4.88,-23.93483968384146,28.800452840220878
4.885,-23.789640066548785,29.279424968129547
4.89,-23.642054193894886,29.75495653759999
4.8950000000000005,-23.49209938780302,30.226999935596222
4.9,-23.339793207579156,30.695507821596987
4.905,-23.185153448535534,31.160433133104384
4.91,-23.028198140586415,31.62172909125071
4.915,-22.868945546815524,32.079349206501675
4.92,-22.707414162014828,32.53324728445447
4.925,-22.543622711193986,32.98337743172892
4.93,-22.377590148060197,33.42969406194956
4.9350000000000005,-22.209335653467893,33.87215190181702
4.94,-22.038878633837843,34.3107059972659
4.945,-21.866238719545276,34.745311719707495
4.95,-21.69143576327658,35.1759247723544
4.955,-21.51448983835419,35.60250119662481
4.96,-21.33542123702925,36.02499737862358
4.965,-21.154250468741704,36.44337005569746
4.97,-20.970998258347407,36.857576323061465
4.9750000000000005,-20.785685544311978,37.26757364049344
4.98,-20.598333476870977,37.673319839093544
4.985,-20.40896341615617,38.07477312810565
4.99,-20.21759693028751,38.47189210179706
4.995,-20.024255793430612,38.864635746393255
5.0,-19.828961983819415,39.252963447064026
5.005,-19.63173768174379,39.6368349949573
5.01,-19.432605267501906,40.016210594277105
5.015,-19.231587319317047,40.391050869401475
5.0200000000000005,-19.028706611218826,40.761316872036666
5.025,-18.823986110888487,41.12697008840354
5.03,-18.61744897746826,41.487972446451884
5.035,-18.40911855933453,41.844286323098736
5.04,-18.19901839183484,42.195874551486106
5.045,-17.987172194988503,42.542700428254015
5.05,-17.77360387115088,42.88472772082436
5.055,-17.558337502641184,43.22192067469095
5.0600000000000005,-17.34139734933385,43.55424402071147
5.065,-17.12280784621348,43.88166298239647
5.07,-16.90259360089332,44.20414328319087
5.075,-16.68077939109739,44.52165115374331
5.08,-16.457390162106307,44.83415333915838
5.085,-16.232451024166927,45.14161710622724
5.09,-16.00598724986588,45.444010250631436
5.095,-15.778024271467142,45.74130110411535
5.1000000000000005,-15.548587678213911,46.03345854162222
5.105,-15.317703213594859,46.32045198838883
5.11,-15.085396772575034,46.60225142699405
5.115,-14.851694398791668,46.878827404356
5.12,-14.616622281715124,47.150151038673314
5.125,-14.380206753775315,47.41619402630505
5.13,-14.142474287453872,47.67692864858461
5.135,-13.903451492342446,47.93232777856272
5.14,-13.663165112167464,48.18236488767431
5.1450000000000005,-13.421642021781773,48.42701405232459
5.15,-13.178909224123567,48.66624996038916
5.155,-12.934993847143051,48.900047917623766
5.16,-12.689923140697289,49.128383853978185
5.165,-12.443724473413734,49.35123432981005
5.17,-12.196425329522983,49.56857654199336
5.175,-11.948053305661217,49.780388329917415
5.18,-11.698636107642992,49.98664818137108
5.1850000000000005,-11.448201547204876,50.18733523830812
5.19,-11.196777538720573,50.382429302488816
5.195,-10.944392095888183,50.57191084099353
5.2,-10.691073328390207,50.75576099160375
5.205,-10.436849438526997,50.93396156804631
5.21,-10.181748717824364,51.106495065096496
5.215,-9.925799543615993,51.273344663536044
5.22,-9.669030375601489,51.43449423496162
5.2250000000000005,-9.411469752380732,51.589928346440175
5.23,-9.15314628796538,51.73963226500717
5.235,-8.894088668268262,51.88359196200378
5.24,-8.634325647571512,52.02179411724954
5.245,-8.373886044974267,52.15422612304695
5.25,-8.112798740820757,52.2808760880144
5.255,-7.851092673109687,52.40173284074432
5.26,-7.58879683388576,52.51678593328328
5.265,-7.3259402656142765,52.62602564443089
5.2700000000000005,-7.06255205753968,52.72944298285473
5.275,-6.7986613420290025,52.8270296900185
5.28,-6.53429729090116,52.91877824292055
5.285,-6.26948911174301,53.0046818566406
5.29,-6.0042660442131925,53.08473448669189
5.295,-5.73865735633468,53.158930831176896
5.3,-5.472692340777062,53.22726633274433
5.305,-5.206400311129537,53.28973718034555
5.3100000000000005,-4.939810598165637,53.34634031078861
5.315,-4.672952546100689,53.397073410088424
5.32,-4.405855508843045,53.44193491461133
5.325,-4.138548846240097,53.480924012013084
5.33,-3.8710619203201344,53.51404064196894
5.335,-3.603424091531063,53.54128549669489
5.34,-3.3356647149770544,53.562660021259234
5.345,-3.0678131366541486,53.578166413683896
5.3500000000000005,-2.799898689685891,53.58780762483487
5.355,-2.531950690560039,53.59158735810162
5.36,-2.263998435367397,53.58951006886509
5.365,-1.9960711960438466,53.58158096375471
5.37,-1.7281982166166128,53.56780599969397
5.375,-1.4604087094558318,53.54819188273542
5.38,-1.1927318515324685,53.52274606668545
5.385,-0.9251967806836338,53.49147675151931
5.39,-0.6578325918863467,53.45439288158751
5.3950000000000005,-0.3906683335407841,53.41150414361431
5.4,-0.12373300376405323,53.362820964489664
5.405,0.14294445330448347,53.30835450885567
5.41,0.40933515118530694,53.24811667648937
5.415,0.6754102647272501,53.18212009948301
5.42,0.9411410337614079,53.11037813922401
5.425,1.2064987667394533,53.032904883176215
5.43,1.4714548443553677,52.94971514146463
5.4350000000000005,1.7359807231496136,52.86082444326594
5.44,2.000047939094781,52.766249033006936
5.445,2.2636281111617533,52.66600586637354
5.45,2.5266929448654545,52.56011260613302
5.455,2.7892142357892507,52.44858761777199
5.46,3.0511638730870883,52.33144996495339
5.465,3.3125138429624768,52.20871940479511
5.47,3.573236232123426,52.08041638297378
5.4750000000000005,3.8333032312124797,51.94656202865663
5.48,4.092687138210992,51.80717814926509
5.485,4.351360361816802,51.662287225073335
5.49,4.609295424794511,51.51191240364567
5.495,4.8664649672975555,51.35607749411623
5.5,5.122841750161288,51.19480696131486
5.505,5.378398658166326,51.02812591974308
5.51,5.63310870327141,50.8560601274042
5.515,5.886945027815075,50.6786359794914
5.5200000000000005,6.139880907685399,50.49588050193823
5.525,6.391889755457192,50.307821344835524
5.53,6.642945123495953,50.11448677571914
5.535,6.893020707027932,49.91590567273291
5.54,7.1420903471757375,49.71210751767104
5.545,7.390128033958852,49.5031223889048
5.55,7.637107909258513,49.288980954197505
5.555,7.883004269746408,49.06971446341289
5.5600000000000005,8.12779156977665,48.84535474112136
5.565,8.371444424240549,48.615934179108386
5.57,8.613937611383708,48.38148572879033
5.575,8.855246075584954,48.14204289354211
5.58,9.095344930096733,47.89763972094126
5.585,9.33420945974652,47.64831079493368
5.59,9.571815123598858,47.394091227925244
5.595,9.808137557577734,47.135016652804495
5.6000000000000005,10.043152577048843,46.871123214901054
5.605,10.276836179361572,46.60244756388434
5.61,10.50916454635028,46.329026845607736
5.615,10.740114046794739,46.05089869390274
5.62,10.969661238839366,45.76810122232775
5.625,11.197782872371173,45.48067301587649
5.63,11.424455891356121,45.18865312265059
5.635,11.649657436133777,44.892081045500966
5.64,11.873364845670137,44.590996733642754
5.6450000000000005,12.095555659768436,44.28544057424839
5.65,12.316207621237911,43.97545338402325
5.655,12.535298678020403,43.66107640076853
5.66,12.752806985274749,43.3423512749357
5.665,12.96871090741896,43.01932006117707
5.67,13.18298902013013,42.69202520989671
5.675,13.395620112302138,42.360509558806
5.68,13.606583187961133,42.02481632448817
5.6850000000000005,13.815857468138896,41.684989093975815
5.69,14.023422392704123,41.341071816345554
5.695,14.229257622151726,40.9931087943339
5.7,14.433343039350317,40.64114467597809
5.705,14.63565875124793,40.28522444628598
5.71,14.83618509053619,39.9253934189385
5.715,15.034902617273113,39.561697228028486
5.72,15.231792120464647,39.19418181983957
5.7250000000000005,15.42683461960529,38.82289344466838
5.73,15.620011366177865,38.44787864869373
5.735,15.811303845112823,38.06918426589583
5.74,16.00069377620727,37.68685741002902
5.745,16.18816311550395,37.30094546665085
5.75,16.373694056630605,36.91149608521068
5.755,16.557269032099867,36.518557171200754
5.76,16.738870714570105,36.122176878372365
5.765,16.918482018067518,35.72240360101993
5.7700000000000005,17.096086099169828,35.319285966335535
5.775,17.271666358151904,34.91287282683643
5.78,17.445206440093774,34.503213252867845
5.785,17.61669023595126,34.09035652518328
5.79,17.786101883589794,33.67435212760463
5.795,17.953425768781702,33.2552497397639
5.8,18.11864652616741,32.8330992299287
5.805,18.281749040180973,32.40795064791313
5.8100000000000005,18.442718445940447,31.979854218075815
5.815,18.60154013010337,31.548860332406644
5.82,18.758199731687984,31.1150195437038
5.825,18.91268314286056,30.67838255884216
5.83,19.064976509689252,30.239000232134657
5.835,19.21506623286503,29.796923558787384
5.84,19.362938968390146,29.352203668449725
5.845,19.508581628234527,28.904891818860172
5.8500000000000005,19.65198138096069,28.45503938958893
5.855,19.793125652317602,28.00269787587757
5.86,19.932002125803972,27.54791888257668
5.865,20.068598743201484,27.09075411818178
5.87,20.202903705078445,26.6312553889678
5.875,20.334905471264403,26.169474593222606
5.88,20.464592761296075,25.705463715579395
5.885,20.591954554835294,25.239274821448205
5.89,20.716980092059305,24.770960051546457
5.8950000000000005,20.839658874023957,24.30057161652819
5.9,20.959980663000305,23.828161791711985
5.905,21.077935482785094,23.353782911906883
5.91,21.193513618985595,22.877487366336116
5.915,21.306705619279345,22.399327593657944
5.92,21.417502293649186,21.919356077082867
5.925,21.52589471459413,21.437625339586692
5.93,21.631874217316575,20.954187939218315
5.9350000000000005,21.73543239988623,20.46909646450161
5.94,21.836561123381333,19.982403529930078
5.945,21.935252512007516,19.494161771553426
5.95,22.0314989531949,19.004423842654745
5.955,22.125293097673712,18.513242409517098
5.96,22.216627859529027,18.02067014727808
5.965,22.305496416234952,17.526759735871074
5.97,22.391892208668764,17.031563856051605
5.9750000000000005,22.47580894110534,16.53513518550725
5.98,22.557240581192374,16.037526395049532
5.985,22.636181359906757,15.538790144886033
5.99,22.712625771492476,15.038979080971009
5.995,22.786568573380496,14.538145831432677
6.0,22.858004786090934,14.036343003075281
6.005,22.926929693117938,13.533623177954043
6.01,22.993338840797612,13.030038910020942
6.015000000000001,23.057228038159337,12.525642721839356
6.0200000000000005,23.11859335676084,12.02048710136539
6.025,23.177431130507312,11.514624498793864
6.03,23.233737955454917,11.008107323466657
6.035,23.287510689599,10.500987940841265
6.04,23.338746452647275,9.993318669517324
6.045,23.387442625778263,9.485151778318711
6.05,23.433596851385314,8.976539483428983
6.055,23.477207032806376,8.467533945577749
6.0600000000000005,23.518271334039877,7.9581872672755685
6.065,23.55678817944683,7.448551490095014
6.07,23.592756253439497,6.938678591995405
6.075,23.626174500156754,6.4286204846887545
6.08,23.657042123126395,5.91842901104448
6.085,23.685358584914542,5.408155942530361
6.09,23.711123606762328,4.897852976687227
6.095,23.734337168210043,4.38757173463487
6.1000000000000005,23.75499950670889,3.877363758606644
6.105,23.77311111722044,3.3672805095102265
6.11,23.788672751803997,2.85737336451199
6.115,23.801685419191884,2.347693614642449
6.12,23.812150384352833,1.8382924624202652
6.125,23.82006916804353,1.329221019492246
6.13,23.825443546348378,0.8205303042868364
6.135,23.82827555020756,0.31227123967857506
6.140000000000001,23.82856746493345,-0.19550534933898728
6.1450000000000005,23.826321829715376,-0.7027487379743974
6.15,23.821541437112813,-1.2094083039559143
6.155,23.81422933253697,-1.7154335298480843
6.16,23.804388813720827,-2.2207740053697145
6.165,23.792023430177476,-2.7253794297156486
6.17,23.77713698264694,-3.2291996138847487
6.175,23.75973352253128,-3.7321844830164195
6.18,23.739817351317985,-4.234284078738024
6.1850000000000005,23.717393019991608,-4.735448561525479
6.19,23.69246532843355,-5.23562821307929
6.195,23.665039324809896,-5.734773438718263
6.2,23.635120304947293,-6.2328347697930635
6.205,23.602713811696614,-6.72976286612178
6.21,23.56782563428448,-7.225508518449612
6.215,23.53046180765231,-7.720022650934711
6.22,23.490628611782984,-8.213256323662195
6.2250000000000005,23.448332571014767,-8.705160735188336
6.23,23.403580453342453,-9.19568722511678
6.235,23.35637926970557,-9.684787276708699
6.24,23.306736273263432,-10.172412519528677
6.245,23.254658958656822,-10.658514732128074
6.25,23.200155061256243,-11.14304584476754
6.255,23.143232556396367,-11.625957942180397
6.26,23.083899658596618,-12.107203266378322
6.265000000000001,23.02216482076758,-12.58673421950101
6.2700000000000005,22.95803673340307,-13.064503366711094
6.275,22.89152432375759,-13.540463439135857
6.28,22.822636755008986,-14.014567336856931
6.285,22.75138342540599,-14.4867681319493
6.29,22.67777396740047,-14.957019071570752
6.295,22.601818246764083,-15.425273581102893
6.3,22.52352636168912,-15.89148526734473
6.305,22.44290864187323,-16.355607921759855
6.3100000000000005,22.359975647587746,-16.817595523777996
6.315,22.27473816872941,-17.27740224415184
6.32,22.187207223855147,-17.73498244836985
6.325,22.097394059199633,-18.190290700125633
6.33,22.005310147675385,-18.64328176484455
6.335,21.910967187855046,-19.093910613268005
6.34,21.814377102935666,-19.542132425095804
6.345,21.715552039684525,-19.987902592686968
6.3500000000000005,21.61450436736639,-20.431176724819213
6.355,21.5112466766518,-20.871910650507246
6.36,21.405791778506106,-21.31006042288002
6.365,21.29815270305897,-21.74558232311688
6.37,21.188342698454058,-22.178432864442556
6.375,21.07637522967861,-22.60856879618081
6.38,20.96226397737254,-23.035947107866527
6.385,20.846022836616953,-23.46052503341579
6.390000000000001,20.72766591570151,-23.88226005535373
6.3950000000000005,20.607207534870653,-24.301109909099335
6.4,20.484662225048165,-24.71703258730697
6.405,20.360044726539964,-25.129986344263628
6.41,20.23336998771467,-25.53992970034131
6.415,20.104653163661904,-25.94682144650367
6.42,19.97390961482781,-26.350620648865878
6.425,19.84115490562771,-26.751286653306877
6.43,19.70640480303554,-27.14877909013271
6.4350000000000005,19.569675275149873,-27.543057878789906
6.44,19.43098248973622,-27.93408323262757
6.445,19.29034281274545,-28.32181566370683
6.45,19.147772806807982,-28.706215987656226
6.455,19.00328922970366,-29.087245328571566
6.46,18.856909032806982,-29.464865123958543
6.465,18.708649359507525,-29.83903712971659
6.47,18.558527543605337,-30.20972342516213
6.4750000000000005,18.40656110768117,-30.576886418089405
6.48,18.252767761441245,-30.94048884986706
6.485,18.097165400036523,-31.300493800568336
6.49,17.939772102356198,-31.656864694133155
6.495,17.780606129295354,-32.00956530355958
6.5,17.619685921996528,-32.35855975612281
6.505,17.457030100065193,-32.70381253861921
6.51,17.292657459758917,-33.04528850263331
6.515000000000001,17.12658697215016,-33.38295286982511
6.5200000000000005,16.95883778126257,-33.71677123723552
6.525,16.789429202180752,-34.04670958260727
6.53,16.618380719133356,-34.37273426971876
6.535,16.445711983549497,-34.694812053728306
6.54,16.271442812088445,-35.01291008652605
6.545,16.09559318464253,-35.32699592209079
6.55,15.918183242313267,-35.637037521849116
6.555,15.739233285360665,-35.94300326003379
6.5600000000000005,15.558763771125806,-36.24486192903881
6.565,15.376795311926621,-36.54258274476796
6.57,15.193348672926954,-36.836135351974164
6.575,15.008444769979004,-37.12548982958644
6.58,14.8221046674391,-37.41061669602178
6.585,14.63434957595705,-37.691486914478375
6.59,14.445200850238992,-37.96807189820774
6.595,14.25467998678403,-38.24034351576219
6.6000000000000005,14.062808621594645,-38.50827409621477
6.605,13.869608527861107,-38.77183643434838
6.61,13.675101613620045,-39.03100379581106
6.615,13.479309919387296,-39.28574992223417
6.62,13.282255615765308,-39.53604903631037
6.625,13.083961001025235,-39.78187584682816
6.63,12.884448498663993,-40.02320555365973
6.635,12.683740654936498,-40.260013852699096
6.640000000000001,12.481860136363352,-40.49227694074716
6.6450000000000005,12.278829727214243,-40.71997152034063
6.65,12.074672326967345,-40.94307480452153
6.655,11.86941094774506,-41.16156452154418
6.66,11.663068711726345,-41.3754189195165
6.665,11.45566884853604,-41.58461677097246
6.67,11.24723469261151,-41.78913737737253
6.675,11.037789680546966,-41.98896057352925
6.68,10.827357348415866,-42.184066731954445
6.6850000000000005,10.615961329071785,-42.374436767125495
6.69,10.403625349428149,-42.56005213966731
6.695,10.1903732277173,-42.74089486044727
6.7,9.976228870729317,-42.91694749458004
6.705,9.761216271031017,-43.08819316533945
6.71,9.54535950416567,-43.254615557974496
6.715,9.328682725833868,-43.41619892342699
6.72,9.111210169056069,-43.57292808194758
6.7250000000000005,8.892966141317304,-43.72478842660782
6.73,8.673975021694627,-43.871765926705706
6.735,8.454261257967774,-44.01384713106177
6.74,8.233849363713647,-44.15101917120345
6.745,8.012763915385165,-44.28326976443538
6.75,7.791029549375033,-44.410587216792855
6.755,7.568670959065077,-44.53296042587649
6.76,7.345712891861684,-44.65037888356571
6.765000000000001,7.122180146217985,-44.762832678608895
6.7700000000000005,6.898097568643426,-44.870312499088065
6.775,6.673490050701309,-44.97280963475613
6.78,6.448382525994991,-45.070315979244796
6.785,6.222799967143357,-45.16282403214123
6.79,5.996767382746255,-45.250326900931675
6.795,5.770309814340547,-45.33281830281046
6.8,5.543452333347458,-45.410292566352815
6.805,5.316220038011904,-45.48274463304973
6.8100000000000005,5.0886380503344935,-45.550170058703856
6.815,4.860731512996912,-45.61256501468485
6.82,4.632525586281369,-45.66992628904298
6.825,4.4040454449848445,-45.72225128748001
6.83,4.175316275328843,-45.7695380341762
6.835,3.9463632718653714,-45.811785172472526
6.84,3.7172116343798685,-45.84899196540736
6.845,3.4878865647918214,-45.88115829610679
6.8500000000000005,3.2584132640537957,-45.90828466802805
6.855,3.028816929049618,-45.930372205055455
6.86,2.79912274949245,-45.947422651448456
6.865,2.569355904823493,-45.95943837164153
6.87,2.33954156111206,-45.966422349895595
6.875,2.109704867957767,-45.968378189801015
6.88,1.879870955395578,-45.96531011363191
6.885,1.6500649308044524,-45.95722296155221
6.890000000000001,1.420311875820327,-45.944122190673305
6.8950000000000005,1.190636843254185,-45.926013873963896
6.9,0.961064854015939,-45.90290469901219
6.905,0.7316208940448761,-45.87480196664112
6.91,0.5023299112473869,-45.84171358937723
6.915,0.2732168124427178,-45.80364808977361
6.92,0.0443064603174665,-45.76061459858817
6.925,-0.18437632961045078,-45.71262285281774
6.93,-0.41280679201764825,-45.659683193589174
6.9350000000000005,-0.640960214790221,-45.60180656390866
6.94,-0.8688119420270901,-45.5390045062702
6.945,-1.0963373770310434,-45.47128916012467
6.95,-1.3235119852867783,-45.39867325921089
6.955,-1.5503112974252573,-45.32117012875001
6.96,-1.7767109121737015,-45.23879368250506
6.965,-2.0026864992905486,-45.15155841970681
6.97,-2.228213802484713,-45.05947942184838
6.9750000000000005,-2.4532686423184953,-44.962572349349664
6.98,-2.6778269190934956,-44.860853438094
6.985,-2.901864615718898,-44.75433949583886
6.99,-3.1253578005614955,-44.64304789850263
6.995,-3.348282630276857,-44.52699658632954
7.0,-3.570615352621007,-44.406204059935064
7.005,-3.7923323092420547,-44.280689376234044
7.01,-4.013409938451166,-44.15047214425378
7.015000000000001,-4.233824777972333,-44.0155725208346
7.0200000000000005,-4.4535534676703605,-43.87601120622015
7.025,-4.672572752256553,-43.73180943954042
7.03,-4.890859483971535,-43.582988994189414
7.035,-5.108390625244727,-43.42957217310073
7.04,-5.32514325132994,-43.27158180392329
7.045,-5.541094552916609,-43.109041234100175
7.05,-5.7562218387161925,-42.94197432585331
7.055,-5.970502538023264,-42.77040545107683
7.0600000000000005,-6.1839142032508585,-42.59435948614189
7.065,-6.39643451243962,-42.41386180661607
7.07,-6.6080412717403485,-42.22893828189986
7.075,-6.818712417869542,-42.03961526978384
7.08,-7.02842602053751,-41.845919610928924
7.085,-7.237160284848739,-41.647878623273016
7.09,-7.444893553674077,-41.44552009636714
7.095,-7.65160430999448,-41.23887228564391
7.1000000000000005,-7.857271179215892,-41.02796390662167
7.105,-8.06187293145504,-40.81282412904711
7.11,-8.265388483795764,-40.59348257097973
7.115,-8.467796902515651,-40.3699692928211
7.12,-8.66907740528269,-40.14231479129207
7.125,-8.869209363321676,-39.91054999336104
7.13,-9.068172303550163,-39.6747062501264
7.135,-9.265945910683712,-39.43481533065631
7.140000000000001,-9.462510029310243,-39.19090941578885
7.1450000000000005,-9.657844665933299,-38.943021091895616
7.15,-9.85192999098406,-38.69118334461184
7.155,-10.044746340801906,-38.43542955253629
7.16,-10.236274219583436,-38.17579348090372
7.165,-10.426494301299785,-37.91230927523292
7.17,-10.615387431582123,-37.64501145495368
7.175,-10.802934629575262,-37.373934907015254
7.18,-10.989117089759247,-37.09911487947943
7.1850000000000005,-11.173916183738896,-36.82058697510122
7.19,-11.357313462001217,-36.538387144899865
7.195,-11.539290655640679,-36.25255168172306
7.2,-11.71982967805227,-35.96311721380739
7.205,-11.898912626592375,-35.67012069833733
7.21,-12.07652178420746,-35.373599415006005
7.215,-12.252639621030541,-35.07359095958006
7.22,-12.42724879594554,-34.77013323747134
7.2250000000000005,-12.600332158119487,-34.463264457318125
7.23,-12.77187274850268,-34.15302312457822
7.235,-12.94185380129685,-33.8394480351365
7.24,-13.11025874539138,-33.52257826892936
7.245,-13.27707120576774,-33.2024531835884
7.25,-13.442275004872153,-32.87911240810565
7.255,-13.605854163956684,-32.55259583652254
7.26,-13.767792904388806,-32.22294362164506
7.265000000000001,-13.928075648929635,-31.890196168786833
7.2700000000000005,-14.086687022980973,-31.55439412954254
7.275,-14.243611855801243,-31.215578395593493
7.28,-14.398835181690602,-30.87379009254745
7.285,-14.552342241145308,-30.529070573814355
7.29,-14.704118481981574,-30.18146141452
7.295,-14.854149560429082,-29.831004405459232
7.3,-15.002421342194369,-29.47774154709047
7.305,-15.148919903494303,-29.12171504357303
7.3100000000000005,-15.293631532059846,-28.762967296848878
7.315,-15.436542728110357,-28.401540900770254
7.32,-15.57764020529861,-28.03747863527451
7.325,-15.716910891626862,-27.670823460607593
7.33,-15.854341930334154,-27.301618511597315
7.335,-15.98992068075506,-26.929907091977576
7.34,-16.123634719150235,-26.555732668764847
7.345,-16.255471839508967,-26.179138866687644
7.3500000000000005,-16.38542005432399,-25.800169462670198
7.355,-16.51346759533892,-25.418868380371084
7.36,-16.6396029142684,-25.035279684777738
7.365,-16.76381468349151,-24.649447576857437
7.37,-16.886091796718443,-24.26141638826555
7.375,-17.006423369630944,-23.87123057611171
7.38,-17.124798740496722,-23.478934717784274
7.385,-17.24120747075808,-23.084573505833568
7.390000000000001,-17.35563934559518,-22.68819174291454
7.3950000000000005,-17.46808437446409,-22.289834336788772
7.4,-17.578532791610076,-21.889546295386424
7.405,-17.68697505655629,-21.487372721928086
7.41,-17.793401854568216,-21.08335881010681
7.415,-17.897804097094248,-20.677549839330243
7.42,-18.000172922182543,-20.26999117002294
7.425,-18.100499694874557,-19.86072823898874
7.43,-18.19877600757561,-19.44980655483306
7.4350000000000005,-18.294993680402587,-19.03727169344491
7.44,-18.38914476150932,-18.62316929353838
7.445,-18.48122152738975,-18.207545052253238
7.45,-18.57121648315925,-17.79044472081428
7.455,-18.65912236281442,-17.371914100248937
7.46,-18.74493212947156,-16.951999037162746
7.465,-18.828638975584237,-16.530745419572
7.47,-18.910236323140076,-16.108199172793007
7.4750000000000005,-18.989717823837186,-15.684406255387364
7.48,-19.06707735924044,-15.25941265516242
7.485,-19.142309040917876,-14.83326438522621
7.49,-19.215407210557533,-14.406007480096067
7.495,-19.286366440064942,-13.977687991860009
7.5,-19.355181531641552,-13.548351986389957
7.505,-19.42184751784435,-13.118045539605953
7.51,-19.486359661626935,-12.686814733790223
7.515000000000001,-19.54871345636228,-12.25470565395017
7.5200000000000005,-19.60890462584741,-11.82176438422913
7.525,-19.666929124290256,-11.388037004363836
7.53,-19.722783136278945,-10.953569586187388
7.535,-19.776463076733663,-10.518408190176574
7.54,-19.827965590841373,-10.082598862042289
7.545,-19.877287553973623,-9.646187629361819
7.55,-19.924426071587575,-9.209220498251693
7.555,-19.969378479110496,-8.771743450079807
7.5600000000000005,-20.012142341807937,-8.333802438215432
7.565,-20.052715454635724,-7.895443384815814
7.57,-20.091095842075983,-7.456712177647915
7.575,-20.12728175795733,-7.017654666943918
7.58,-20.161271685259443,-6.57831666228905
7.585,-20.19306433590215,-6.138743929540303
7.59,-20.222658650519172,-5.698982187774549
7.595,-20.250053798216673,-5.259077106264601
7.6000000000000005,-20.27524917631676,-4.819074301481733
7.605,-20.29824441008606,-4.3790193341231305
7.61,-20.319039352449472,-3.9389577061627814
7.615,-20.337634083689263,-3.4989348579242905
7.62,-20.354028911129543,-3.0589961651740794
7.625,-20.36822436880626,-2.6191869362334614
7.63,-20.38022121712279,-2.179552409108038
7.635,-20.390020442491277,-1.7401377486329155
7.640000000000001,-20.397623256959605,-1.3009880436321897
7.6450000000000005,-20.40303109782431,-0.8621483040911762
7.65,-20.406245627229353,-0.42366345833987284
7.655,-20.407268731750793,0.0144216497538712
7.66,-20.40610252196749,0.4520622635829852
7.665,-20.402749332017798,0.8892137165931011
7.67,-20.397211719142344,1.325831435069266
7.675,-20.38949246321284,1.761870940918911
7.68,-20.37959456624702,2.197287854452544
7.6850000000000005,-20.36752125190966,2.6320378971636056
7.69,-20.353275964999693,3.0660768945089183
7.695,-20.33686237092341,3.499360778691136
7.7,-20.318284355153757,3.931845591444584
7.705,-20.29754602267568,4.363487486825847
7.71,-20.274651697417486,4.7942427340104725
7.715,-20.249605921668227,5.224067720097052
7.72,-20.222413455481025,5.6529189529200465
7.7250000000000005,-20.193079276062306,6.080753063872554
7.73,-20.16160857714689,6.50752681074029
7.735,-20.128006768358897,6.933197080547964
7.74,-20.092279474558353,7.3577208924192385
7.745,-20.054432535173486,7.781055400451409
7.75,-20.014472003518605,8.20315789660588
7.755,-19.972404146097468,8.623985813615544
7.76,-19.928235441892067,9.043496727910094
7.765000000000001,-19.88197258163677,9.461648362560203
7.7700000000000005,-19.83362246707765,9.878398590241607
7.775,-19.783192210216964,10.293705436219959
7.78,-19.730689132542654,10.70752708135731
7.785,-19.676120764242732,11.119821865141107
7.79,-19.61949484340451,11.530548288736442
7.795,-19.560819315198454,11.939665018062286
7.8,-19.500102331046634,12.347130886892485
7.805000000000001,-19.43735224777556,12.752904899982056
7.8100000000000005,-19.372577626753426,13.156946236219483
7.815,-19.305787233011344,13.559214251805512
7.82,-19.236990034348807,13.959668483458954
7.825,-19.166195200422926,14.358268651650024
7.83,-19.093412101821492,14.75497466386148
7.835,-19.018650309119632,15.149746617878098
7.84,-18.941919591919955,15.542544805104647
7.845,-18.863229917876033,15.93332971391265
7.8500000000000005,-18.782591451699098,16.322062033016223
7.855,-18.70001455414775,16.708702654876966
7.86,-18.615509781000576,17.09321267913819
7.865,-18.529087882011556,17.475553416088417
7.87,-18.44075979984804,17.855686390154084
7.875,-18.350536669011195,18.23357334342156
7.88,-18.25842981473881,18.60917623918816
7.885,-18.1644507518902,18.982457265542156
7.890000000000001,-18.0686111838132,19.353378838971366
7.8950000000000005,-17.970923001193025,19.72190360800026
7.9,-17.871398280882875,20.087994456854975
7.905,-17.770049284716123,20.451614509156112
7.91,-17.66688845830003,20.812727131638667
7.915,-17.561928429790704,21.17129593789869
7.92,-17.455182008649384,21.52728479216605
7.925,-17.346662184379653,21.88065781310273
7.930000000000001,-17.236382125245715,22.231379377626016
7.9350000000000005,-17.12435517697144,22.57941412475578
7.94,-17.010594861420127,22.924726959485067
7.945,-16.895114875254855,23.26728305667334
7.95,-16.77792908857931,23.60704786496117
7.955,-16.65905154355902,23.943987110705834
7.96,-16.538496453022805,24.278066801936465
7.965,-16.41627819904446,24.609253232327962
7.97,-16.292411331504493,24.937512985192512
7.9750000000000005,-16.166910566631877,25.26281293748749
7.98,-16.03979078552573,25.58512026383867
7.985,-15.91106703265683,25.90440244057751
7.99,-15.780754514348917,26.220627249791114
7.995,-15.648868597239732,26.533762783383636
8.0,-15.51542480672171,26.843777447147822
8.005,-15.380438825362281,27.150639964845062
8.01,-15.243926491303808,27.454319382292713
8.015,-15.105903796643009,27.754785071457032
8.02,-14.966386885789948,28.052006734550353
8.025,-14.82539205380651,28.345954408130652
8.03,-14.682935744724407,28.6365984672022
8.035,-14.539034549842645,28.923909629315375
8.040000000000001,-14.393705206004535,29.207858958664115
8.045,-14.24696459385421,29.488417870179244
8.05,-14.09882973607269,29.765558133615826
8.055,-13.949317795593535,30.039251877632893
8.06,-13.798446073798132,30.30947159386357
8.065,-13.646232008690657,30.57619014097395
8.07,-13.492693173052754,30.839380748708635
8.075,-13.33784727257807,31.09901702192114
8.08,-13.18171214398664,31.355072944587274
8.085,-13.024305753119284,31.607522883799486
8.09,-12.86564619301207,31.856341593740186
8.095,-12.705751681950973,32.10150421963217
8.1,-12.544640561506847,32.34298630166403
8.105,-12.382331294550832,32.580763778888596
8.11,-12.218842463250363,32.814812993092374
8.115,-12.05419276704589,33.04511069263391
8.120000000000001,-11.888401020608496,33.27163403624906
8.125,-11.721486151778578,33.49436059682109
8.13,-11.553467199485782,33.71326836511362
8.135,-11.384363311650356,33.928335753464154
8.14,-11.21419374306616,34.13954159943645
8.145,-11.0429778532655,34.346865169429215
8.15,-10.870735104366064,34.550286162239544
8.155,-10.697485058900124,34.74978471257875
8.16,-10.523247377626328,34.94534139453849
8.165000000000001,-10.34804181732425,35.136937225005404
8.17,-10.171888228572039,35.32455366702197
8.175,-9.994806553507367,35.508172633091725
8.18,-9.816816823572037,35.687776488426664
8.185,-9.63793915724047,35.86334805413511
8.19,-9.458193757732435,36.034870610347795
8.195,-9.277600910710285,36.20232789928021
8.2,-9.096180981961073,36.365704128229645
8.205,-8.913954415063824,36.5249839725045
8.21,-8.730941729042364,36.6801525782844
8.215,-8.547163516004003,36.831195565408976
8.22,-8.362640438764478,36.97809903009372
8.225,-8.17739322845949,37.12084954757086
8.23,-7.991442682143241,37.25943417465377
8.235,-7.804809660374336,37.3938404522229
8.24,-7.6175150847894715,37.52405640763187
8.245000000000001,-7.429579935665273,37.65007055703169
8.25,-7.241025249468754,37.7718719076118
8.255,-7.051872116396753,37.8894499597562
8.26,-6.862141677904834,38.002794709113225
8.265,-6.67185512422603,38.11189664857741
8.27,-6.481033691879933,38.216746770182034
8.275,-6.289698661172514,38.31733656690099
8.28,-6.097871353687204,38.41365803435851
8.285,-5.905573129767626,38.50570367244567
8.290000000000001,-5.712825385992502,38.59346648684219
8.295,-5.5196495526431875,38.67693999044258
8.3,-5.326067091164313,38.756118204685265
8.305,-5.13209949161803,38.8309956607838
8.31,-4.93776827013235,38.90156740085906
8.315,-4.743094966344074,38.967828978971426
8.32,-4.5481011408368035,39.029776462052155
8.325,-4.352808372574566,39.08740643073298
8.33,-4.1572382563315395,39.14071598007327
8.335,-3.9614124001183995,39.189702720183774
8.34,-3.76535242260581,39.23436477674677
8.345,-3.569079950545575,39.274700791431385
8.35,-3.372616616189977,39.31070992220417
8.355,-3.175984054709827,39.3423918435339
8.36,-2.9792039016117533,39.36974674649073
8.365,-2.7822977901552615,39.392775338738815
8.370000000000001,-2.5852873487700996,39.41147884442256
8.375,-2.3881941984744572,39.42585900394609
8.38,-2.191039950294535,39.43591807364568
8.385,-1.993846202686021,39.44165882535537
8.39,-1.7966345389580032,39.443084545865396
8.395,-1.5994265246998614,39.44019903627377
8.4,-1.402243705211664,39.43300661123092
8.405,-1.205107602938613,39.42151209807769
8.41,-1.0080397149100597,39.405720835876856
8.415000000000001,-0.8110615101836328,39.385638674338566
8.42,-0.6141944272949994,39.36127197263994
8.425,-0.4174598717137932,39.332627598139375
8.43,-0.2208792133062329,39.2997129249861
8.435,-0.02447378380495229,39.26253583262527
8.44,0.17173512571343677,39.22110470419956
8.445,0.3677262673425311,39.17542842484782
8.45,0.5634784388515626,39.12551637990136
8.455,0.7589704861815524,39.07137845297902
8.46,0.9541813059316901,39.013025023981506
8.465,1.149089847835436,38.9504669669863
8.47,1.343675117225852,38.88371564804378
8.475,1.5379161774896708,38.81278292287588
8.48,1.7317921525096167,38.737681134478095
8.485,1.9252822290944995,38.658423110626266
8.49,2.118365659396608,38.57502216128921
8.495000000000001,2.3110217633159347,38.487492075948325
8.5,2.5032299308907717,38.39584712082578
8.505,2.694969624674222,38.30010203602229
8.51,2.886220382096179,38.20027203256621
8.515,3.0769618178103326,38.09637278937515
8.52,3.2671736260257744,37.988420450131656
8.525,3.456835582822764,37.87643162007464
8.53,3.645927548452253,37.76042336270794
8.535,3.834429469618748,37.64041319642774
8.540000000000001,4.022321381746113,37.51641909107044
8.545,4.209583411225917,37.38845946438276
8.55,4.396195777647945,37.25655317841581
8.555,4.5821387960124955,37.12071953584457
8.56,4.767392878924087,36.98097827621521
8.565,4.951938538766243,36.837349572121425
8.57,5.135756389856967,36.68985402531198
8.575000000000001,5.318827150584604,36.53851266273139
8.58,5.50113164552374,36.38334693249535
8.585,5.682650807530822,36.22437869980313
8.59,5.863365679819185,36.0616302427888
8.595,6.043257418013195,35.89512424831314
8.6,6.222307292181204,35.72488380769833
8.605,6.400496688847045,35.55093241240746
8.61,6.57780711297979,35.37329394967073
8.615,6.754220189961518,35.19199269806047
8.620000000000001,6.92971766753283,35.00705332301703
8.625,7.104281417715882,34.81850087232757
8.63,7.277893438714698,34.62636077155964
8.635,7.4505358567925475,34.43065881945191
8.64,7.622190928126167,34.23142118326389
8.645,7.792841040636648,34.028674394086686
8.65,7.962468715796784,33.822445342117035
8.655,8.131056610414689,33.61276127189645
8.66,8.298587518393544,33.39964977751771
8.665000000000001,8.465044372467313,33.18313879780064
8.67,8.63041024591223,32.96325661143922
8.675,8.794668354233993,32.740031832122085
8.68,8.957802056830483,32.51349340362846
8.685,9.119794858629913,32.28367059490144
8.69,9.280630411704294,32.05059299510064
8.695,9.440292516858102,31.8142905086363
8.700000000000001,9.598765125192108,31.574793350186585
8.705,9.756032339642223,31.332132039700262
8.71,9.912078416493358,31.08633739738634
8.715,10.066887766868183,30.837440538693016
8.72,10.220444958190756,30.585472869277396
8.725,10.372734715625022,30.330466079967923
8.73,10.523741923488052,30.07245214172159
8.735,10.673451626638121,29.811463300577348
8.74,10.821849031837496,29.547532072607698
8.745000000000001,10.968919509090028,29.280691238870244
8.75,11.114648592953479,29.010973840360613
8.755,11.25902198382662,28.738413172968816
8.76,11.402025549211142,28.46304278244036
8.765,11.543645324948384,28.184896459343783
8.77,11.683867516430919,27.904008234046344
8.775,11.822678499789026,27.62041237169915
8.78,11.960064823052148,27.33414336723336
8.785,12.096013207285338,27.045235940368887
8.790000000000001,12.230510547700792,26.753725030636975
8.795,12.363543914744534,26.45964579241811
8.8,12.495100555158334,26.16303358999642
8.805,12.625167893016947,25.86392399263206
8.81,12.75373353074075,25.56235276965269
8.815,12.880785250083894,25.258355885565326
8.82,13.006311013098076,24.951969495189648
8.825000000000001,13.130298963072029,24.64322993881391
8.83,13.252737425446849,24.33217373737467
8.835,13.373614908707282,24.018837587661075
8.84,13.492920105249112,23.703258357544932
8.845,13.610641892222743,23.385473081237485
8.85,13.726769332353145,23.065518954573562
8.855,13.841291674736311,22.743433330324297
8.86,13.954198355612306,22.419253713538904
8.865,14.06547899911514,22.09301775691646
8.870000000000001,14.175123417999568,21.764763256208372
8.875,14.283121614344973,21.434528145652074
8.88,14.389463780236483,21.102350493436763
8.885,14.494140298423543,20.76826849720164
8.89,14.597141742956017,20.43232047956711
8.895,14.698458879798041,20.09454488369964
8.9,14.798082667419802,19.754980268910515
8.905,14.896004257367373,19.413665306288937
8.91,14.992214994810835,19.0706387743699
8.915000000000001,15.086706419070762,18.72593955483703
8.92,15.17947026412338,18.37960662826073
8.925,15.270498459084473,18.031679069871803
8.93,15.35978312867223,17.68219604537073
8.935,15.44731659364925,17.33119680677279
8.94,15.533091371243858,16.978720688289034
8.945,15.61710017555092,16.624807102243196
8.950000000000001,15.699335917912311,16.269495535024546
8.955,15.779791707277262,15.912825543076693
8.96,15.858460850542722,15.554836748922158
8.965,15.935336852873943,15.19556883722275
8.97,16.010413418005445,14.835061550875416
8.975,16.083684448522565,14.473354687143607
8.98,16.155144046123723,14.11048809382367
8.985,16.224786511863645,13.746501665446262
8.99,16.29260634637762,13.3814353395123
8.995000000000001,16.358598250087102,13.015329092763203
9.0,16.42275712338666,12.648222937485066
9.005,16.485078066812616,12.280156917846332
9.01,16.545556381193386,11.91117110626859
9.015,16.604187567781786,11.541305599829965
9.02,16.66096732836945,11.170600516700684
9.025,16.715891565383437,10.799095992610276
9.03,16.768956381965353,10.42683217734585
9.035,16.820158082032968,10.053849231280886
9.040000000000001,16.869493170324546,9.680187321933982
9.045,16.916958352426096,9.305886620556864
9.05,16.962550534781574,8.930987298751084
9.055,17.006266824686275,8.5555295251127
9.06,17.04810453026352,8.179553461904268
9.065,17.088061160424722,7.803099261753419
9.07,17.126134424813074,7.42620706437734
9.075000000000001,17.162322233730862,7.048916993332341
9.08,17.19662269805062,6.671269152787825
9.085,17.22903412911021,6.293303624323827
9.09,17.25955503859193,5.9150604637513595
9.095,17.288184138385787,5.536579697954739
9.1,17.314920340437045,5.1579013217551
9.105,17.33976275657812,4.779065294794254
9.11,17.36271069834496,4.400111538438047
9.115,17.38376367677795,4.021079932698384
9.120000000000001,17.402921402207536,3.6420103131730643
9.125,17.420183784024534,3.2629424680025436
9.13,17.435550930435287,2.883916134842798
9.135,17.4490231482017,2.5049709978533743
9.14,17.460600942366284,2.126146684699779
9.145,17.47028501596223,1.7474827635693289
9.15,17.47807626970857,1.3690187401995748
9.155,17.48397580169054,0.9907940549184352
9.16,17.487984907025165,0.6128480796951551
9.165000000000001,17.490105077512098,0.23522011520122468
9.17,17.490338001269816,-0.14205061211961134
9.175,17.488685562357162,-0.51892495297312
9.18,17.485149840380323,-0.8953638381289749
9.185,17.479733110085206,-1.271328281328632
9.19,17.47243784093534,-1.6467793821875274
9.195,17.463266696675234,-2.02167832909243
9.200000000000001,17.452222534879304,-2.3959864020947697
9.205,17.43930840648629,-2.769664975800756
9.21,17.424527555319248,-3.142675522259079
9.215,17.407883417591137,-3.514979613846984
9.22,17.38937962139591,-3.8865389261554886
9.225,17.36901998618527,-4.257315240874488
9.23,17.34680852223088,-4.62727044867851
9.235,17.322749430072264,-4.996366552113816
9.24,17.296847099950167,-5.364565668487567
9.245000000000001,17.269106111225536,-5.731830032759736
9.25,17.23953123178397,-6.098122000438417
9.255,17.20812741742572,-6.463404050479207
9.26,17.17489981124119,-6.827638788189246
9.265,17.13985374297184,-7.190788948136518
9.27,17.102994728356613,-7.552817397065042
9.275,17.064328468463714,-7.913687136816405
9.28,17.023860849007782,-8.273361307258272
9.285,16.981597939652374,-8.631803189220275
9.290000000000001,16.9375459932978,-8.988976207437846
9.295,16.89171144535416,-9.344843933504364
9.3,16.844100912999654,-9.699370088832076
9.305,16.79472119442401,-10.05251854762219
9.31,16.743579268057083,-10.404253339844466
9.315,16.690682291782483,-10.754538654226671
9.32,16.63603760213629,-11.103338841254182
9.325000000000001,16.5796527134907,-11.45061841618002
9.33,16.521535317222575,-11.796342062045543
9.335,16.46169328086696,-12.140474632711998
9.34,16.400134647255275,-12.482981155903186
9.345,16.336867633638384,-12.823826836259226
9.35,16.2719006307943,-13.1629770584017
9.355,16.205242202120555,-13.500397390010153
9.36,16.13690108271116,-13.836053584910033
9.365,16.066886178418116,-14.169911586172052
9.370000000000001,15.995206564897348,-14.501937529222975
9.375,15.921871486639091,-14.832097744967765
9.38,15.846890355982662,-15.160358762923
9.385,15.770272752115474,-15.486687314361417
9.39,15.69202842005636,-15.81105033546744
9.395,15.612167269623043,-16.133414970503487
9.4,15.530699374383788,-16.453748574986825
9.405,15.447634970593128,-16.772018718876705
9.41,15.362984456111615,-17.088193189771488
9.415000000000001,15.276758389309586,-17.402239996115412
9.42,15.188967487954866,-17.714127370414605
9.425,15.099622628084338,-18.023823772462013
9.43,15.008734842859441,-18.331297892570714
9.435,14.916315321405378,-18.636518654815234
9.44,14.822375407634203,-18.939455220280212
9.445,14.726926599051575,-19.240076990316084
9.450000000000001,14.629980545547243,-19.538353609800996
9.455,14.531549048169222,-19.83425497040847
9.46,14.43164405788159,-20.12775121388014
9.465,14.33027767430593,-20.418812735302858
9.47,14.22746214444638,-20.707410186389506
9.475,14.123209861398252,-20.99351447876277
9.48,14.017533363040249,-21.27709678724102
9.485,13.910445330710226,-21.558128553125652
9.49,13.801958587864553,-21.836581487488896
9.495000000000001,13.692086098720988,-22.112427574461336
9.5,13.580840966885164,-22.385639074518224
9.505,13.468236433960618,-22.656188527763625
9.51,13.35428587814242,-22.92404875721153
9.515,13.239002812794414,-23.189192872062865
9.52,13.122400885010064,-23.4515942709775
9.525,13.004493874156989,-23.7112266453401
9.53,12.885295690405158,-23.968063982518952
9.535,12.764820373238836,-24.222080569116454
9.540000000000001,12.643082089952271,-24.473250994210446
9.545,12.520095134129239,-24.721550152584957
9.55,12.395873924106423,-24.966953247949533
9.555,12.270433001420782,-25.209435796145726
9.56,12.14378702924086,-25.448973628339743
9.565,12.015950790782224,-25.685542894199934
9.57,11.886939187707023,-25.919120065057992
9.575000000000001,11.756767238507802,-26.149681937052577
9.58,11.625450076875637,-26.377205634254096
9.585,11.493002950052707,-26.601668611769465
9.59,11.35944121716939,-26.823048658825495
9.595,11.224780347565995,-27.041323901829607
9.6,11.089035919099256,-27.256472807406613
9.605,10.952223616433718,-27.46847418541033
9.61,10.81435922931811,-27.67730719190844
9.615,10.675458650846878,-27.882951332139662
9.620000000000001,10.535537875707004,-28.085386463441512
9.625,10.394612998410272,-28.284592798147607
9.63,10.2527002115111,-28.480550906452983
9.635,10.109815803810168,-28.673241719246196
9.64,9.965976158543947,-28.86264653090681
9.645,9.82119775156034,-29.048747002066847
9.65,9.675497149480604,-29.23152516233508
9.655,9.528891007847756,-29.410963412982532
9.66,9.381396069261655,-29.587044529588074
9.665000000000001,9.23302916150094,-29.75975166464264
9.67,9.083807195632092,-29.92906835011079
9.675,8.933747164105752,-30.094978499948326
9.68,8.782866138840605,-30.257466412574498
9.685,8.631181269295,-30.41651677329775
9.69,8.47870978052657,-30.572114656693387
9.695,8.32546897124008,-30.724245528932148
9.700000000000001,8.17147621182377,-30.872895250058324
9.705,8.016748942374422,-31.01805007621603
9.71,7.861304670711448,-31.15969666182265
9.715,7.705160970380241,-31.297822061687977
9.72,7.548335478645057,-31.432413733077993
9.725,7.390845894471728,-31.563459537722057
9.73,7.232709976500501,-31.69094774376229
9.735,7.073945541009249,-31.814867027644084
9.74,6.914570459867403,-31.935206475946565
9.745000000000001,6.75460265848088,-32.051955587151866
9.75,6.594060113728306,-32.16510427335228
9.755,6.432960851888889,-32.27464286189401
9.76,6.2713229465622105,-32.38056209695667
9.765,6.1091645165803055,-32.4828531410676
9.77,5.946503723912308,-32.5815075765497
9.775,5.783358771562057,-32.676517406902164
9.78,5.619747901458953,-32.7678750581132
9.785,5.455689392342427,-32.85557337990349
9.790000000000001,5.291201557640364,-32.93960564690006
9.795,5.126302743341845,-33.019965559739326
9.8,4.961011325864542,-33.09664724609877
9.805,4.79534570991714,-33.16964526165638
9.81,4.62932432635715,-33.23895459097722
9.815,4.4629656300444545,-33.30457064832649
9.82,4.296288097691005,-33.3664892784082
9.825000000000001,4.129310225706983,-33.42470675702924
9.83,3.9620505280438474,-33.47921979168791
9.835,3.7945275340346223,-33.53002552208663
9.84,3.626759786231819,-33.57712152056827
9.845,3.4587658382433624,-33.62050579247559
9.85,3.2905642525669108,-33.660176776433545
9.855,3.1221735984229717,-33.696133344553864
9.86,2.9536124495871747,-33.72837480256177
9.865,2.784899382222119,-33.75690088984454
9.870000000000001,2.6160529727091646,-33.78171177942146
9.875,2.447091795480576,-33.80280807783528
9.88,2.278034420852405,-33.82019082496476
9.885,2.108899412858507,-33.83386149375833
9.89,1.9397053270860893,-33.84382198988868
9.895,1.7704707085131786,-33.850074651328384
9.9,1.601214089348415,-33.85262224784645
9.905,1.431953986873555,-33.85146798042589
9.91,1.2627089012890866,-33.84661548060237
9.915000000000001,1.0934973135633477,-33.83806880972414
9.92,0.9243376832855413,-33.82583245813343
9.925,0.7552484465230374,-33.809911344269366
9.93,0.5862480136833587,-33.79031081369286
9.935,0.41735476738123367,-33.76703663803371
9.94,0.24858706031110875,-33.74009501386022
9.945,0.07996321312550445,-33.709492561471706
9.950000000000001,-0.08849848768040026,-33.67523632361443
9.955,-0.25677979187757155,-33.63733376412124
9.96,-0.4248624876049351,-33.59579276647565
9.965,-0.5927284034638233,-33.55062163230063
9.97,-0.7603594106046788,-33.50182907977295
9.975,-0.927737424805648,-33.44942424196348
9.98,-1.0948444085426907,-33.393416665104226
9.985,-1.2616623730508438,-33.33381630678283
9.99,-1.4281733803762828,-33.270633534065006
9.995000000000001,-1.594359545418812,-33.20387912154607
10.0,-1.760203037964441,-33.13356424933204
10.005,-1.925686084707692,-33.05970050095118
